Workbook
Name _edn1: 'MoSCoW Method'!$A$1126
Name _edn2: 'MoSCoW Method'!$A$1127
Name _ednref1: 'MoSCoW Method'!#REF!
Name _ednref2: 'MoSCoW Method'!$D$35

Sheet MoSCoW Method
A1: This tool is designed to help prioritize UX aspects for mobile applications. You'll use it to rank the UX aspects for assessing your mobile app in your organization. Stage-1: Use the MoSCoW Method to assign one of the below categories in the blue cells for each aspect, considering these four criteria: 1-User profiles: Importance of this aspect for the different user groups of the mobile app.. 2-App domain specificity: The relevance of this aspect to the mobile application domain will be developed or evaluated. 3-Task complexity: Importance of this aspect for assessing complex tasks. 4-Feasibility: Feasibility of implementing this aspect given available resources (time, cost, personnel). MoSCoW Method categories: -Must Have: Essential UX aspects critical for the app's functionality and user satisfaction. Necessary for meeting basic user needs. -Should Have: Important aspects that enhance UX but aren't critical. -Could Have: Nice-to-have features that improve UX but are non-essential. -Won't Have: Aspects that won't be included due to irrelevance, low impact, or constraints.
A2: Domain:
A3: Mobile UX Aspects Taxonomy | D3: MoSCoW Method
A4: NO. | B4: Element | C4: Definition | D4: User profiles | E4: App domain specificity | F4: Task Complexity | G4: Feasibility | H4: Decision | I4: Final aspects
A5: User-Centric Dimension
A6: 1 | B6: Usability | C6: The extent to which specified users can use a product to achieve specified goals with effectiveness, efficiency, satisfaction, understandability, learnability, operability, etc, in a specified context of use. | H6: =IF(COUNTIF(D6:G6, "Must have")>0, "Must have", IF(COUNTIF(D6:G6, "Should have")>0, "Should have", IF(COUNTIF(D6:G6, "Could have")>0, "Could have", IF(COUNTIF(D6:G6, "Won’t have")>0, "Won’t have", "-")))) -> - | I6: =IF(OR(ISNUMBER(SEARCH("Must have",H6)),ISNUMBER(SEARCH("Should have",H6))),B6,"")
A7: 2 | B7: Emotional | C7: The full spectrum of desirable feelings users experiences while interacting with a product or service. These emotions are influenced by the context and goals of the interaction, contributing to a pleasurable and engaging product experience. | H7: =IF(COUNTIF(D7:G7, "Must have")>0, "Must have", IF(COUNTIF(D7:G7, "Should have")>0, "Should have", IF(COUNTIF(D7:G7, "Could have")>0, "Could have", IF(COUNTIF(D7:G7, "Won’t have")>0, "Won’t have", "-")))) -> - | I7: =IF(OR(ISNUMBER(SEARCH("Must have",H7)),ISNUMBER(SEARCH("Should have",H7))),B7,"")
A8: 3 | B8: External Subjective Factors | C8: Refer to user-related, external factors that indirectly influence the user experience (UX) by shaping a user's perception, attitudes, and sensations toward a product or service. Unlike internal subjective factors (emotions, motivations), these factors arise from the user's experiences and beliefs. | H8: =IF(COUNTIF(D8:G8, "Must have")>0, "Must have", IF(COUNTIF(D8:G8, "Should have")>0, "Should have", IF(COUNTIF(D8:G8, "Could have")>0, "Could have", IF(COUNTIF(D8:G8, "Won’t have")>0, "Won’t have", "-")))) -> - | I8: =IF(OR(ISNUMBER(SEARCH("Must have",H8)),ISNUMBER(SEARCH("Should have",H8))),B8,"")
A9: 4 | B9: Engagement | C9: The level of involvement, interest, and enthusiasm a user has with a product or service involves capturing attention, encouraging participation, and fostering a meaningful connection. | H9: =IF(COUNTIF(D9:G9, "Must have")>0, "Must have", IF(COUNTIF(D9:G9, "Should have")>0, "Should have", IF(COUNTIF(D9:G9, "Could have")>0, "Could have", IF(COUNTIF(D9:G9, "Won’t have")>0, "Won’t have", "-")))) -> - | I9: =IF(OR(ISNUMBER(SEARCH("Must have",H9)),ISNUMBER(SEARCH("Should have",H9))),B9,"")
A10: 5 | B10: Stimulation | C10: Refers to interactive features and elements within an app that captivate users by piquing their curiosity, generating interest, and fostering enjoyment. Unlike engagement, it aims to provoke immediate exploration through novel functionalities, creative activities, or problem-solving opportunities. It encourages users to actively interact with the app, discover new aspects, and potentially gain new insights or experiences. | H10: =IF(COUNTIF(D10:G10, "Must have")>0, "Must have", IF(COUNTIF(D10:G10, "Should have")>0, "Should have", IF(COUNTIF(D10:G10, "Could have")>0, "Could have", IF(COUNTIF(D10:G10, "Won’t have")>0, "Won’t have", "-")))) -> - | I10: =IF(OR(ISNUMBER(SEARCH("Must have",H10)),ISNUMBER(SEARCH("Should have",H10))),B10,"")
A11: 6 | B11: Effort | C11: Refers to the cognitive and physical exertion users require to interact with a mobile application. Minimizing effort by providing intuitive interfaces, streamlined processes, and clear feedback enhances the overall user experience, satisfaction, and retention. | H11: =IF(COUNTIF(D11:G11, "Must have")>0, "Must have", IF(COUNTIF(D11:G11, "Should have")>0, "Should have", IF(COUNTIF(D11:G11, "Could have")>0, "Could have", IF(COUNTIF(D11:G11, "Won’t have")>0, "Won’t have", "-")))) -> - | I11: =IF(OR(ISNUMBER(SEARCH("Must have",H11)),ISNUMBER(SEARCH("Should have",H11))),B11,"")
A12: 7 | B12: Desirability | C12: The ability of a product or service, through its visual appeal, emotional resonance, and alignment with user preferences, to evoke a strong desire or attraction among its target audience. | H12: =IF(COUNTIF(D12:G12, "Must have")>0, "Must have", IF(COUNTIF(D12:G12, "Should have")>0, "Should have", IF(COUNTIF(D12:G12, "Could have")>0, "Could have", IF(COUNTIF(D12:G12, "Won’t have")>0, "Won’t have", "-")))) -> - | I12: =IF(OR(ISNUMBER(SEARCH("Must have",H12)),ISNUMBER(SEARCH("Should have",H12))),B12,"")
A13: 8 | B13: Valuable | C13: Ensuring the app provides significant value to users by addressing their needs, solving their problems, or enhancing their lives. This aspect goes beyond mere functionality, encompassing all elements of UX design to deliver holistic user value. It focuses on the overall benefits and improvements the app brings to users, encouraging their appreciation and satisfaction with the product. | H13: =IF(COUNTIF(D13:G13, "Must have")>0, "Must have", IF(COUNTIF(D13:G13, "Should have")>0, "Should have", IF(COUNTIF(D13:G13, "Could have")>0, "Could have", IF(COUNTIF(D13:G13, "Won’t have")>0, "Won’t have", "-")))) -> - | I13: =IF(OR(ISNUMBER(SEARCH("Must have",H13)),ISNUMBER(SEARCH("Should have",H13))),B13,"")
A14: App-Centric Dimension
A15: 9 | B15: Functionality | C15: An app's features and capabilities ensure the product is fully operational and aligns with user objectives. | H15: =IF(COUNTIF(D15:G15, "Must have")>0, "Must have", IF(COUNTIF(D15:G15, "Should have")>0, "Should have", IF(COUNTIF(D15:G15, "Could have")>0, "Could have", IF(COUNTIF(D15:G15, "Won’t have")>0, "Won’t have", "-")))) -> - | I15: =IF(OR(ISNUMBER(SEARCH("Must have",H15)),ISNUMBER(SEARCH("Should have",H15))),B15,"")
A16: 10 | B16: Aesthetic Design | C16: The visual harmony, appeal, and inherent beauty of the product colors, texts, grapgics, layout, audio, etc. | H16: =IF(COUNTIF(D16:G16, "Must have")>0, "Must have", IF(COUNTIF(D16:G16, "Should have")>0, "Should have", IF(COUNTIF(D16:G16, "Could have")>0, "Could have", IF(COUNTIF(D16:G16, "Won’t have")>0, "Won’t have", "-")))) -> - | I16: =IF(OR(ISNUMBER(SEARCH("Must have",H16)),ISNUMBER(SEARCH("Should have",H16))),B16,"")
A17: 11 | B17: Safety | C17: The extent to which the app mitigates the risk of harm to individuals or other resources, including hardware and stored information, within a defined use context. | H17: =IF(COUNTIF(D17:G17, "Must have")>0, "Must have", IF(COUNTIF(D17:G17, "Should have")>0, "Should have", IF(COUNTIF(D17:G17, "Could have")>0, "Could have", IF(COUNTIF(D17:G17, "Won’t have")>0, "Won’t have", "-")))) -> - | I17: =IF(OR(ISNUMBER(SEARCH("Must have",H17)),ISNUMBER(SEARCH("Should have",H17))),B17,"")
A18: 12 | B18: External Application Assistants | C18: Refer to tools or technical checkers external to the app itself that aid users in verifying compatibility with their devices (such as mobile phones and tablets) and operating systems (like Android and iOS). They also assist in troubleshooting technical issues related to requirements such as internet speed. | H18: =IF(COUNTIF(D18:G18, "Must have")>0, "Must have", IF(COUNTIF(D18:G18, "Should have")>0, "Should have", IF(COUNTIF(D18:G18, "Could have")>0, "Could have", IF(COUNTIF(D18:G18, "Won’t have")>0, "Won’t have", "-")))) -> - | I18: =IF(OR(ISNUMBER(SEARCH("Must have",H18)),ISNUMBER(SEARCH("Should have",H18))),B18,"")
A19: 13 | B19: Novelty | C19: Novelty entails introducing new and original elements or features compared to existing ones. It reflects the product's level of innovation and creativity, influencing its ability to attract user interest and engagement. | H19: =IF(COUNTIF(D19:G19, "Must have")>0, "Must have", IF(COUNTIF(D19:G19, "Should have")>0, "Should have", IF(COUNTIF(D19:G19, "Could have")>0, "Could have", IF(COUNTIF(D19:G19, "Won’t have")>0, "Won’t have", "-")))) -> - | I19: =IF(OR(ISNUMBER(SEARCH("Must have",H19)),ISNUMBER(SEARCH("Should have",H19))),B19,"")
A20: 14 | B20: Dependability | C20: A user's trust in the app's ability to perform consistently, predictably, and securely, meeting their expectations for control and safety during interaction. | H20: =IF(COUNTIF(D20:G20, "Must have")>0, "Must have", IF(COUNTIF(D20:G20, "Should have")>0, "Should have", IF(COUNTIF(D20:G20, "Could have")>0, "Could have", IF(COUNTIF(D20:G20, "Won’t have")>0, "Won’t have", "-")))) -> - | I20: =IF(OR(ISNUMBER(SEARCH("Must have",H20)),ISNUMBER(SEARCH("Should have",H20))),B20,"")
A21: 15 | B21: External Constraints | C21: External constraints represent limitations that exist outside the product or service itself and can indirectly impact the user experience (UX). These constraints are often technical in nature and encompass factors that the product must accommodate to ensure optimal performance and usability. | H21: =IF(COUNTIF(D21:G21, "Must have")>0, "Must have", IF(COUNTIF(D21:G21, "Should have")>0, "Should have", IF(COUNTIF(D21:G21, "Could have")>0, "Could have", IF(COUNTIF(D21:G21, "Won’t have")>0, "Won’t have", "-")))) -> - | I21: =IF(OR(ISNUMBER(SEARCH("Must have",H21)),ISNUMBER(SEARCH("Should have",H21))),B21,"")
A22: 16 | B22: Independability | C22: The degree to which a mobile app allows users to achieve their goals and complete tasks within the app itself, with minimal reliance on external factors or assistance. | H22: =IF(COUNTIF(D22:G22, "Must have")>0, "Must have", IF(COUNTIF(D22:G22, "Should have")>0, "Should have", IF(COUNTIF(D22:G22, "Could have")>0, "Could have", IF(COUNTIF(D22:G22, "Won’t have")>0, "Won’t have", "-")))) -> - | I22: =IF(OR(ISNUMBER(SEARCH("Must have",H22)),ISNUMBER(SEARCH("Should have",H22))),B22,"")
A23: 17 | B23: Updateness | C23: It refers to the frequency and timeliness of updates released for a mobile app. It includes the regularity of bug fixes, feature enhancements, security patches, and compatibility updates. | H23: =IF(COUNTIF(D23:G23, "Must have")>0, "Must have", IF(COUNTIF(D23:G23, "Should have")>0, "Should have", IF(COUNTIF(D23:G23, "Could have")>0, "Could have", IF(COUNTIF(D23:G23, "Won’t have")>0, "Won’t have", "-")))) -> - | I23: =IF(OR(ISNUMBER(SEARCH("Must have",H23)),ISNUMBER(SEARCH("Should have",H23))),B23,"")
A24: 18 | B24: Accessibility | C24: Accessibility refers to the design of mobile apps such that they can be easily used and understood by people of all abilities. | H24: =IF(COUNTIF(D24:G24, "Must have")>0, "Must have", IF(COUNTIF(D24:G24, "Should have")>0, "Should have", IF(COUNTIF(D24:G24, "Could have")>0, "Could have", IF(COUNTIF(D24:G24, "Won’t have")>0, "Won’t have", "-")))) -> - | I24: =IF(OR(ISNUMBER(SEARCH("Must have",H24)),ISNUMBER(SEARCH("Should have",H24))),B24,"")
A25: 19 | B25: Trustworthiness | C25: Trustworthiness in mobile UX reflects the user's confidence in an app's reliability, security, and the organization behind it. | H25: =IF(COUNTIF(D25:G25, "Must have")>0, "Must have", IF(COUNTIF(D25:G25, "Should have")>0, "Should have", IF(COUNTIF(D25:G25, "Could have")>0, "Could have", IF(COUNTIF(D25:G25, "Won’t have")>0, "Won’t have", "-")))) -> - | I25: =IF(OR(ISNUMBER(SEARCH("Must have",H25)),ISNUMBER(SEARCH("Should have",H25))),B25,"")
A26: 20 | B26: Information Quality | C26: Refers to the accuracy, meaningfulness, and comprehensiveness/Completeness of the information presented within the app or service. | H26: =IF(COUNTIF(D26:G26, "Must have")>0, "Must have", IF(COUNTIF(D26:G26, "Should have")>0, "Should have", IF(COUNTIF(D26:G26, "Could have")>0, "Could have", IF(COUNTIF(D26:G26, "Won’t have")>0, "Won’t have", "-")))) -> - | I26: =IF(OR(ISNUMBER(SEARCH("Must have",H26)),ISNUMBER(SEARCH("Should have",H26))),B26,"")
... A30: 24 | B30: Automation & AI | C30: Refer to leveraging machine learning, artificial intelligence, and automated processes to enhance UX, streamline interactions, and provide efficient and intelligent application features, for instance, automating tasks, predictive analytics, and smart notifications, and offering intelligent assistance to users through intelligent search, chatbots, and recommendation systems. | H30: =IF(COUNTIF(D30:G30, "Must have")>0, "Must have", IF(COUNTIF(D30:G30, "Should have")>0, "Should have", IF(COUNTIF(D30:G30, "Could have")>0, "Could have", IF(COUNTIF(D30:G30, "Won’t have")>0, "Won’t have", "-")))) -> - | I30: =IF(OR(ISNUMBER(SEARCH("Must have",H30)),ISNUMBER(SEARCH("Should have",H30))),B30,"")
A31: Context Dimension
A32: 25 | B32: User Inclusivity | C32: User Inclusivity is the philosophy of designing experiences that cater to a diverse range of users. It delves into understanding users' unique characteristics, preferences, and backgrounds, guiding the creation of tailored app experiences that resonate with each individual. This encompasses demographics, knowledge, needs, cultural background, and personal values. | H32: =IF(COUNTIF(D32:G32, "Must have")>0, "Must have", IF(COUNTIF(D32:G32, "Should have")>0, "Should have", IF(COUNTIF(D32:G32, "Could have")>0, "Could have", IF(COUNTIF(D32:G32, "Won’t have")>0, "Won’t have", "-")))) -> - | I32: =IF(OR(ISNUMBER(SEARCH("Must have",H32)),ISNUMBER(SEARCH("Should have",H32))),B32,"")
A33: 26 | B33: Quality Of Interaction | C33: The quality of interaction in a mobile app's UX refers to how smoothly and effectively users can communicate with and achieve their goals within the app. | H33: =IF(COUNTIF(D33:G33, "Must have")>0, "Must have", IF(COUNTIF(D33:G33, "Should have")>0, "Should have", IF(COUNTIF(D33:G33, "Could have")>0, "Could have", IF(COUNTIF(D33:G33, "Won’t have")>0, "Won’t have", "-")))) -> - | I33: =IF(OR(ISNUMBER(SEARCH("Must have",H33)),ISNUMBER(SEARCH("Should have",H33))),B33,"")
A34: 27 | B34: Context Of Use | C34: Refers to the comprehensive understanding and consideration of the circumstances, environment, and user conditions in which individuals interact with mobile devices and applications. | H34: =IF(COUNTIF(D34:G34, "Must have")>0, "Must have", IF(COUNTIF(D34:G34, "Should have")>0, "Should have", IF(COUNTIF(D34:G34, "Could have")>0, "Could have", IF(COUNTIF(D34:G34, "Won’t have")>0, "Won’t have", "-")))) -> - | I34: =IF(OR(ISNUMBER(SEARCH("Must have",H34)),ISNUMBER(SEARCH("Should have",H34))),B34,"")

Sheet AHP(Structure the hierarchy)
A1: Stage-2: After completing the MoSCoW method, use the Analytic Hierarchy Process (AHP) to rank the prioritized UX aspects (from Step 1) according to the four criteria below. Please proceed to the sheets labeled "Compare and weight the criteria," "User profiles," "App domain specificity," "Task Complexity," and "Feasibility." Follow the instructions in each sheet to automatically generate the ranked list on the final sheet labeled "Total scores."
A2: Structure the hierarchy
A3: Goal: | B3: Rank the prioritized UX aspect(alternatives).
A4: Criteria: | B4: User profiles | C4: App domain specificity | D4: Task Complexity | E4: Feasibility
A5: Alternatives (UX Aspects):
B6: {=_xlfn._xlws.FILTER('MoSCoW Method'!I6:I34, 'MoSCoW Method'!I6:I34<>"")} -> #VALUE!

Sheet Compare and weight the criteria
A1: Assess Relative Importance: Use the nine-point scale provided on the side to compare the relative importance of each criterion in the row to each criterion in the column (orange cells). Example Comparison: Ask yourself, "How much more important is the criterion 'User profiles' (in the row) than 'App domain specificity' (in the column)?" and assign a number from the scale. Continue by comparing "User profiles" (in the row) to "Task Complexity" (in the column), and then to "Feasibility" (in the column), and so on, until all criteria in the rows have been pairwise compared to the ones in the columns. Please Note (Less Important Criterion): If you believe a criterion in the row is less important than one in the column, use the reciprocals of the nine-point scale, where 1 ("equally unimportant") to 1/9 ("extreme unimportance"). For example, if "User profiles" (in the row) is less important than "App domain specificity" (in the column), you might assign a value like =1/3. For more info please visit: | I1: Scale: 1: Equally important 2: Equally to moderately more important 3: Moderately more important 4: Moderately to strongly more important 5: Strongly more important 6: Strongly to very strongly more important 7: Very strongly more important 8: Very strongly to extremely more important 9: Extremely more important
A2: For more info, please visit: https://www.1000minds.com/decision-making/analytic-hierarchy-process-ahp
B4: Pairwise comparison matrix
B5: User profiles | C5: App domain specificity | D5: Task Complexity | E5: Feasibility
A6: User profiles | B6: 1
A7: App domain specificity | B7: =IF(C6=0,0,1/C6) -> 0 | C7: 1
A8: Task Complexity | B8: =IF(D6=0,0,1/D6) -> 0 | C8: =IF(D7=0,0,1/D7) -> 0 | D8: 1
A9: Feasibility | B9: =IF(E6=0,0,1/E6) -> 0 | C9: =IF(E7=0,0,1/E7) -> 0 | D9: =IF(E8=0,0,1/E8) -> 0 | E9: 1
B11: Calculate criterion weights | J11: Square the matrix
B12: User profiles | C12: App domain specificity | D12: Task Complexity | E12: Feasibility | F12: Row total | G12: Weight | J12: User profiles | K12: App domain specificity | L12: Task Complexity | M12: Feasibility | N12: Row total | O12: Weight
A13: User profiles | B13: =$B$6*B6+$C$6*B7+$D$6*B8+$E$6*B9 -> 1 | C13: =$B$6*C6+$C$6*C7+$D$6*C8+$E$6*C9 -> 0 | D13: =$B$6*D6+$C$6*D7+$D$6*D8+$E$6*D9 -> 0 | E13: =$B$6*E6+$C$6*E7+$D$6*E8+$E$6*E9 -> 0 | F13: =SUM(B13:E13) -> 1 | G13: =F13/$F$17 -> 0.25 | I13: User profiles | J13: =$B$13*B13+$C$13*B14+$D$13*B15+$E$13*B16 -> 1 | K13: =$B$13*C13+$C$13*C14+$D$13*C15+$E$13*C16 -> 0 | L13: =$B$13*D13+$C$13*D14+$D$13*D15+$E$13*D16 -> 0 | M13: =$B$13*E13+$C$13*E14+$D$13*E15+$E$13*E16 -> 0 | N13: =SUM(J13:M13) -> 1 | O13: =N13/$N$17 -> 0.25
A14: App domain specificity | B14: =$B$7*B6+$C$7*B7+$D$7*B8+$E$7*B9 -> 0 | C14: =$B$7*C6+$C$7*C7+$D$7*C8+$E$7*C9 -> 1 | D14: =$B$7*D6+$C$7*D7+$D$7*D8+$E$7*D9 -> 0 | E14: =$B$7*E6+$C$7*E7+$D$7*E8+$E$7*E9 -> 0 | F14: =SUM(B14:E14) -> 1 | G14: =F14/$F$17 -> 0.25 | I14: App domain specificity | J14: =$B$14*B13+$C$14*B14+$D$14*B15+$E$14*B16 -> 0 | K14: =$B$14*C13+$C$14*C14+$D$14*C15+$E$14*C16 -> 1 | L14: =$B$14*D13+$C$14*D14+$D$14*D15+$E$14*D16 -> 0 | M14: =$B$14*E13+$C$14*E14+$D$14*E15+$E$14*E16 -> 0 | N14: =SUM(J14:M14) -> 1 | O14: =N14/$N$17 -> 0.25
A15: Task Complexity | B15: =$B$8*B6+$C$8*B7+$D$8*B8+$E$8*B9 -> 0 | C15: =$B$8*C6+$C$8*C7+$D$8*C8+$E$8*C9 -> 0 | D15: =$B$8*D6+$C$8*D7+$D$8*D8+$E$8*D9 -> 1 | E15: =$B$8*E6+$C$8*E7+$D$8*E8+$E$8*E9 -> 0 | F15: =SUM(B15:E15) -> 1 | G15: =F15/$F$17 -> 0.25 | I15: Task Complexity | J15: =$B$15*B13+$C$15*B14+$D$15*B15+$E$15*B16 -> 0 | K15: =$B$15*C13+$C$15*C14+$D$15*C15+$E$15*C16 -> 0 | L15: =$B$15*D13+$C$15*D14+$D$15*D15+$E$15*D16 -> 1 | M15: =$B$15*E13+$C$15*E14+$D$15*E15+$E$15*E16 -> 0 | N15: =SUM(J15:M15) -> 1 | O15: =N15/$N$17 -> 0.25
A16: Feasibility | B16: =$B$9*B6+$C$9*B7+$D$9*B8+$E$9*B9 -> 0 | C16: =$B$9*C6+$C$9*C7+$D$9*C8+$E$9*C9 -> 0 | D16: =$B$9*D6+$C$9*D7+$D$9*D8+$E$9*D9 -> 0 | E16: =$B$9*E6+$C$9*E7+$D$9*E8+$E$9*E9 -> 1 | F16: =SUM(B16:E16) -> 1 | G16: =F16/$F$17 -> 0.25 | I16: Feasibility | J16: =$B$16*B13+$C$16*B14+$D$16*B15+$E$16*B16 -> 0 | K16: =$B$16*C13+$C$16*C14+$D$16*C15+$E$16*C16 -> 0 | L16: =$B$16*D13+$C$16*D14+$D$16*D15+$E$16*D16 -> 0 | M16: =$B$16*E13+$C$16*E14+$D$16*E15+$E$16*E16 -> 1 | N16: =SUM(J16:M16) -> 1 | O16: =N16/$N$17 -> 0.25
E17: Sum: | F17: =SUM(F13:F16) -> 4 | G17: =SUM(G13:G16) -> 1 | M17: Sum: | N17: =SUM(N13:N16) -> 4 | O17: =SUM(O13:O16) -> 1

Sheet User Profiles
A1: Evaluate alternatives: Use the same nine-point scale provided beside to compare the relative importance of each alternative (prioritized aspect) in the row to each alternative in the column (orange cells) concerning the "User profiles" criterion. Please only input a number in the cells with the column header if the header (-) keeps empty. Example Comparison: Ask yourself, "With respect to the criterion "User profiles," how much more do you prefer alternative (i.e., X "in the row" to alternative Y" in the column"? And assign a number from the scale. Continue by comparing each alternative (in the row) to all alternatives (in the columns) one by one concerning the "User profile" criterion until all alternatives in the rows have been pairwise compared to the ones in the columns. Please Note (Less Important alternative): If you believe an alternative in the row is less important than one in the column, use the reciprocals of the nine-point scale, where 1 ("equally unimportant") to 1/9 ("extreme unimportance"). For example, if alternative X (in the row) is less important than alternative Y (in the column), you might assign a value like =1/3. | M1: Scale: 1: Equally important 2: Equally to moderately more important 3: Moderately more important 4: Moderately to strongly more important 5: Strongly more important 6: Strongly to very strongly more important 7: Very strongly more important 8: Very strongly to extremely more important 9: Extremely more important
A2: For more info, please visit: https://www.1000minds.com/decision-making/analytic-hierarchy-process-ahp
G4: User profiles(alternatives pairwise comparison matrix)
B5: {=IF(TRANSPOSE(A6:A32)=0,"-",TRANSPOSE(A6:A32))} -> #VALUE! | C5: - | D5: - | E5: - | F5: - | G5: - | H5: - | I5: - | J5: - | K5: - | L5: - | M5: - | N5: - | O5: - | P5: - | Q5: - | R5: - | S5: - | T5: - | U5: - | V5: - | W5: - | X5: - | Y5: - | Z5: - | AA5: - | AB5: -
A6: {=_xlfn._xlws.FILTER('AHP(Structure the hierarchy)'!B6:B33, 'AHP(Structure the hierarchy)'!B6:B33<>"")} -> #VALUE! | B6: 1
B7: =IF(C6=0,0,1/C6) -> 0 | C7: 1
B8: =IF(D6=0,0,1/D6) -> 0 | C8: =IF(D7=0,0,1/D7) -> 0 | D8: 1
B9: =IF(E6=0,0,1/E6) -> 0 | C9: =IF(E7=0,0,1/E7) -> 0 | D9: =IF(E8=0,0,1/E8) -> 0 | E9: 1
B10: =IF(F6=0,0,1/F6) -> 0 | C10: =IF(F7=0,0,1/F7) -> 0 | D10: =IF(F8=0,0,1/F8) -> 0 | E10: =IF(F9=0,0,1/F9) -> 0 | F10: 1
B11: =IF(G6=0,0,1/G6) -> 0 | C11: =IF(G7=0,0,1/G7) -> 0 | D11: =IF(G8=0,0,1/G8) -> 0 | E11: =IF(G9=0,0,1/G9) -> 0 | F11: =IF(G10=0,0,1/G10) -> 0 | G11: 1
B12: =IF(H6=0,0,1/H6) -> 0 | C12: =IF(H7=0,0,1/H7) -> 0 | D12: =IF(H8=0,0,1/H8) -> 0 | E12: =IF(H9=0,0,1/H9) -> 0 | F12: =IF(H10=0,0,1/H10) -> 0 | G12: =IF(H11=0,0,1/H11) -> 0 | H12: 1
B13: =IF(I6=0,0,1/I6) -> 0 | C13: =IF(I7=0,0,1/I7) -> 0 | D13: =IF(I8=0,0,1/I8) -> 0 | E13: =IF(I9=0,0,1/I9) -> 0 | F13: =IF(I10=0,0,1/I10) -> 0 | G13: =IF(I11=0,0,1/I11) -> 0 | H13: =IF(I12=0,0,1/I12) -> 0 | I13: 1
B14: =IF(J6=0,0,1/J6) -> 0 | C14: =IF(J7=0,0,1/J7) -> 0 | D14: =IF(J8=0,0,1/J8) -> 0 | E14: =IF(J9=0,0,1/J9) -> 0 | F14: =IF(J10=0,0,1/J10) -> 0 | G14: =IF(J11=0,0,1/J11) -> 0 | H14: =IF(J12=0,0,1/J12) -> 0 | I14: =IF(J13=0,0,1/J13) -> 0 | J14: 1
B15: =IF(K6=0,0,1/K6) -> 0 | C15: =IF(K7=0,0,1/K7) -> 0 | D15: =IF(K8=0,0,1/K8) -> 0 | E15: =IF(K9=0,0,1/K9) -> 0 | F15: =IF(K10=0,0,1/K10) -> 0 | G15: =IF(K11=0,0,1/K11) -> 0 | H15: =IF(K12=0,0,1/K12) -> 0 | I15: =IF(K13=0,0,1/K13) -> 0 | J15: =IF(K14=0,0,1/K14) -> 0 | K15: 1
B16: =IF(L6=0,0,1/L6) -> 0 | C16: =IF(L7=0,0,1/L7) -> 0 | D16: =IF(L8=0,0,1/L8) -> 0 | E16: =IF(L9=0,0,1/L9) -> 0 | F16: =IF(L10=0,0,1/L10) -> 0 | G16: =IF(L11=0,0,1/L11) -> 0 | H16: =IF(L12=0,0,1/L12) -> 0 | I16: =IF(L13=0,0,1/L13) -> 0 | J16: =IF(L14=0,0,1/L14) -> 0 | K16: =IF(L15=0,0,1/L15) -> 0 | L16: 1
B17: =IF(M6=0,0,1/M6) -> 0 | C17: =IF(M7=0,0,1/M7) -> 0 | D17: =IF(M8=0,0,1/M8) -> 0 | E17: =IF(M9=0,0,1/M9) -> 0 | F17: =IF(M10=0,0,1/M10) -> 0 | G17: =IF(M11=0,0,1/M11) -> 0 | H17: =IF(M12=0,0,1/M12) -> 0 | I17: =IF(M13=0,0,1/M13) -> 0 | J17: =IF(M14=0,0,1/M14) -> 0 | K17: =IF(M15=0,0,1/M15) -> 0 | L17: =IF(M16=0,0,1/M16) -> 0 | M17: 1
B18: =IF(N6=0,0,1/N6) -> 0 | C18: =IF(N7=0,0,1/N7) -> 0 | D18: =IF(N8=0,0,1/N8) -> 0 | E18: =IF(N9=0,0,1/N9) -> 0 | F18: =IF(N10=0,0,1/N10) -> 0 | G18: =IF(N11=0,0,1/N11) -> 0 | H18: =IF(N12=0,0,1/N12) -> 0 | I18: =IF(N13=0,0,1/N13) -> 0 | J18: =IF(N14=0,0,1/N14) -> 0 | K18: =IF(N15=0,0,1/N15) -> 0 | L18: =IF(N16=0,0,1/N16) -> 0 | M18: =IF(N17=0,0,1/N17) -> 0 | N18: 1
B19: =IF(O6=0,0,1/O6) -> 0 | C19: =IF(O7=0,0,1/O7) -> 0 | D19: =IF(O8=0,0,1/O8) -> 0 | E19: =IF(O9=0,0,1/O9) -> 0 | F19: =IF(O10=0,0,1/O10) -> 0 | G19: =IF(O11=0,0,1/O11) -> 0 | H19: =IF(O12=0,0,1/O12) -> 0 | I19: =IF(O13=0,0,1/O13) -> 0 | J19: =IF(O14=0,0,1/O14) -> 0 | K19: =IF(O15=0,0,1/O15) -> 0 | L19: =IF(O16=0,0,1/O16) -> 0 | M19: =IF(O17=0,0,1/O17) -> 0 | N19: =IF(O18=0,0,1/O18) -> 0 | O19: 1
B20: =IF(P6=0,0,1/P6) -> 0 | C20: =IF(P7=0,0,1/P7) -> 0 | D20: =IF(P8=0,0,1/P8) -> 0 | E20: =IF(P9=0,0,1/P9) -> 0 | F20: =IF(P10=0,0,1/P10) -> 0 | G20: =IF(P11=0,0,1/P11) -> 0 | H20: =IF(P12=0,0,1/P12) -> 0 | I20: =IF(P13=0,0,1/P13) -> 0 | J20: =IF(P14=0,0,1/P14) -> 0 | K20: =IF(P15=0,0,1/P15) -> 0 | L20: =IF(P16=0,0,1/P16) -> 0 | M20: =IF(P17=0,0,1/P17) -> 0 | N20: =IF(P18=0,0,1/P18) -> 0 | O20: =IF(P19=0,0,1/P19) -> 0 | P20: 1
B21: =IF(Q6=0,0,1/Q6) -> 0 | C21: =IF(Q7=0,0,1/Q7) -> 0 | D21: =IF(Q8=0,0,1/Q8) -> 0 | E21: =IF(Q9=0,0,1/Q9) -> 0 | F21: =IF(Q10=0,0,1/Q10) -> 0 | G21: =IF(Q11=0,0,1/Q11) -> 0 | H21: =IF(Q12=0,0,1/Q12) -> 0 | I21: =IF(Q13=0,0,1/Q13) -> 0 | J21: =IF(Q14=0,0,1/Q14) -> 0 | K21: =IF(Q15=0,0,1/Q15) -> 0 | L21: =IF(Q16=0,0,1/Q16) -> 0 | M21: =IF(Q17=0,0,1/Q17) -> 0 | N21: =IF(Q18=0,0,1/Q18) -> 0 | O21: =IF(Q19=0,0,1/Q19) -> 0 | P21: =IF(Q20=0,0,1/Q20) -> 0 | Q21: 1
B22: =IF(R6=0,0,1/R6) -> 0 | C22: =IF(R7=0,0,1/R7) -> 0 | D22: =IF(R8=0,0,1/R8) -> 0 | E22: =IF(R9=0,0,1/R9) -> 0 | F22: =IF(R10=0,0,1/R10) -> 0 | G22: =IF(R11=0,0,1/R11) -> 0 | H22: =IF(R12=0,0,1/R12) -> 0 | I22: =IF(R13=0,0,1/R13) -> 0 | J22: =IF(R14=0,0,1/R14) -> 0 | K22: =IF(R15=0,0,1/R15) -> 0 | L22: =IF(R16=0,0,1/R16) -> 0 | M22: =IF(R17=0,0,1/R17) -> 0 | N22: =IF(R18=0,0,1/R18) -> 0 | O22: =IF(R19=0,0,1/R19) -> 0 | P22: =IF(R20=0,0,1/R20) -> 0 | Q22: =IF(R21=0,0,1/R21) -> 0 | R22: 1
B23: =IF(S6=0,0,1/S6) -> 0 | C23: =IF(S7=0,0,1/S7) -> 0 | D23: =IF(S8=0,0,1/S8) -> 0 | E23: =IF(S9=0,0,1/S9) -> 0 | F23: =IF(S10=0,0,1/S10) -> 0 | G23: =IF(S11=0,0,1/S11) -> 0 | H23: =IF(S12=0,0,1/S12) -> 0 | I23: =IF(S13=0,0,1/S13) -> 0 | J23: =IF(S14=0,0,1/S14) -> 0 | K23: =IF(S15=0,0,1/S15) -> 0 | L23: =IF(S16=0,0,1/S16) -> 0 | M23: =IF(S17=0,0,1/S17) -> 0 | N23: =IF(S18=0,0,1/S18) -> 0 | O23: =IF(S19=0,0,1/S19) -> 0 | P23: =IF(S20=0,0,1/S20) -> 0 | Q23: =IF(S21=0,0,1/S21) -> 0 | R23: =IF(S22=0,0,1/S22) -> 0 | S23: 1
B24: =IF(T6=0,0,1/T6) -> 0 | C24: =IF(T7=0,0,1/T7) -> 0 | D24: =IF(T8=0,0,1/T8) -> 0 | E24: =IF(T9=0,0,1/T9) -> 0 | F24: =IF(T10=0,0,1/T10) -> 0 | G24: =IF(T11=0,0,1/T11) -> 0 | H24: =IF(T12=0,0,1/T12) -> 0 | I24: =IF(T13=0,0,1/T13) -> 0 | J24: =IF(T14=0,0,1/T14) -> 0 | K24: =IF(T15=0,0,1/T15) -> 0 | L24: =IF(T16=0,0,1/T16) -> 0 | M24: =IF(T17=0,0,1/T17) -> 0 | N24: =IF(T18=0,0,1/T18) -> 0 | O24: =IF(T19=0,0,1/T19) -> 0 | P24: =IF(T20=0,0,1/T20) -> 0 | Q24: =IF(T21=0,0,1/T21) -> 0 | R24: =IF(T22=0,0,1/T22) -> 0 | S24: =IF(T23=0,0,1/T23) -> 0 | T24: 1
B25: =IF(U6=0,0,1/U6) -> 0 | C25: =IF(U7=0,0,1/U7) -> 0 | D25: =IF(U8=0,0,1/U8) -> 0 | E25: =IF(U9=0,0,1/U9) -> 0 | F25: =IF(U10=0,0,1/U10) -> 0 | G25: =IF(U11=0,0,1/U11) -> 0 | H25: =IF(U12=0,0,1/U12) -> 0 | I25: =IF(U13=0,0,1/U13) -> 0 | J25: =IF(U14=0,0,1/U14) -> 0 | K25: =IF(U15=0,0,1/U15) -> 0 | L25: =IF(U16=0,0,1/U16) -> 0 | M25: =IF(U17=0,0,1/U17) -> 0 | N25: =IF(U18=0,0,1/U18) -> 0 | O25: =IF(U19=0,0,1/U19) -> 0 | P25: =IF(U20=0,0,1/U20) -> 0 | Q25: =IF(U21=0,0,1/U21) -> 0 | R25: =IF(U22=0,0,1/U22) -> 0 | S25: =IF(U23=0,0,1/U23) -> 0 | T25: =IF(U24=0,0,1/U24) -> 0 | U25: 1
B26: =IF(V6=0,0,1/V6) -> 0 | C26: =IF(V7=0,0,1/V7) -> 0 | D26: =IF(V8=0,0,1/V8) -> 0 | E26: =IF(V9=0,0,1/V9) -> 0 | F26: =IF(V10=0,0,1/V10) -> 0 | G26: =IF(V11=0,0,1/V11) -> 0 | H26: =IF(V12=0,0,1/V12) -> 0 | I26: =IF(V13=0,0,1/V13) -> 0 | J26: =IF(V14=0,0,1/V14) -> 0 | K26: =IF(V15=0,0,1/V15) -> 0 | L26: =IF(V16=0,0,1/V16) -> 0 | M26: =IF(V17=0,0,1/V17) -> 0 | N26: =IF(V18=0,0,1/V18) -> 0 | O26: =IF(V19=0,0,1/V19) -> 0 | P26: =IF(V20=0,0,1/V20) -> 0 | Q26: =IF(V21=0,0,1/V21) -> 0 | R26: =IF(V22=0,0,1/V22) -> 0 | S26: =IF(V23=0,0,1/V23) -> 0 | T26: =IF(V24=0,0,1/V24) -> 0 | U26: =IF(V25=0,0,1/V25) -> 0 | V26: 1
B27: =IF(W6=0,0,1/W6) -> 0 | C27: =IF(W7=0,0,1/W7) -> 0 | D27: =IF(W8=0,0,1/W8) -> 0 | E27: =IF(W9=0,0,1/W9) -> 0 | F27: =IF(W10=0,0,1/W10) -> 0 | G27: =IF(W11=0,0,1/W11) -> 0 | H27: =IF(W12=0,0,1/W12) -> 0 | I27: =IF(W13=0,0,1/W13) -> 0 | J27: =IF(W14=0,0,1/W14) -> 0 | K27: =IF(W15=0,0,1/W15) -> 0 | L27: =IF(W16=0,0,1/W16) -> 0 | M27: =IF(W17=0,0,1/W17) -> 0 | N27: =IF(W18=0,0,1/W18) -> 0 | O27: =IF(W19=0,0,1/W19) -> 0 | P27: =IF(W20=0,0,1/W20) -> 0 | Q27: =IF(W21=0,0,1/W21) -> 0 | R27: =IF(W22=0,0,1/W22) -> 0 | S27: =IF(W23=0,0,1/W23) -> 0 | T27: =IF(W24=0,0,1/W24) -> 0 | U27: =IF(W25=0,0,1/W25) -> 0 | V27: =IF(W26=0,0,1/W26) -> 0 | W27: 1
B28: =IF(X6=0,0,1/X6) -> 0 | C28: =IF(X7=0,0,1/X7) -> 0 | D28: =IF(X8=0,0,1/X8) -> 0 | E28: =IF(X9=0,0,1/X9) -> 0 | F28: =IF(X10=0,0,1/X10) -> 0 | G28: =IF(X11=0,0,1/X11) -> 0 | H28: =IF(X12=0,0,1/X12) -> 0 | I28: =IF(X13=0,0,1/X13) -> 0 | J28: =IF(X14=0,0,1/X14) -> 0 | K28: =IF(X15=0,0,1/X15) -> 0 | L28: =IF(X16=0,0,1/X16) -> 0 | M28: =IF(X17=0,0,1/X17) -> 0 | N28: =IF(X18=0,0,1/X18) -> 0 | O28: =IF(X19=0,0,1/X19) -> 0 | P28: =IF(X20=0,0,1/X20) -> 0 | Q28: =IF(X21=0,0,1/X21) -> 0 | R28: =IF(X22=0,0,1/X22) -> 0 | S28: =IF(X23=0,0,1/X23) -> 0 | T28: =IF(X24=0,0,1/X24) -> 0 | U28: =IF(X25=0,0,1/X25) -> 0 | V28: =IF(X26=0,0,1/X26) -> 0 | W28: =IF(X27=0,0,1/X27) -> 0 | X28: 1
B29: =IF(Y6=0,0,1/Y6) -> 0 | C29: =IF(Y7=0,0,1/Y7) -> 0 | D29: =IF(Y8=0,0,1/Y8) -> 0 | E29: =IF(Y9=0,0,1/Y9) -> 0 | F29: =IF(Y10=0,0,1/Y10) -> 0 | G29: =IF(Y11=0,0,1/Y11) -> 0 | H29: =IF(Y12=0,0,1/Y12) -> 0 | I29: =IF(Y13=0,0,1/Y13) -> 0 | J29: =IF(Y14=0,0,1/Y14) -> 0 | K29: =IF(Y15=0,0,1/Y15) -> 0 | L29: =IF(Y16=0,0,1/Y16) -> 0 | M29: =IF(Y17=0,0,1/Y17) -> 0 | N29: =IF(Y18=0,0,1/Y18) -> 0 | O29: =IF(Y19=0,0,1/Y19) -> 0 | P29: =IF(Y20=0,0,1/Y20) -> 0 | Q29: =IF(Y21=0,0,1/Y21) -> 0 | R29: =IF(Y22=0,0,1/Y22) -> 0 | S29: =IF(Y23=0,0,1/Y23) -> 0 | T29: =IF(Y24=0,0,1/Y24) -> 0 | U29: =IF(Y25=0,0,1/Y25) -> 0 | V29: =IF(Y26=0,0,1/Y26) -> 0 | W29: =IF(Y27=0,0,1/Y27) -> 0 | X29: =IF(Y28=0,0,1/Y28) -> 0 | Y29: 1
B30: =IF(Z6=0,0,1/Z6) -> 0 | C30: =IF(Z7=0,0,1/Z7) -> 0 | D30: =IF(Z8=0,0,1/Z8) -> 0 | E30: =IF(Z9=0,0,1/Z9) -> 0 | F30: =IF(Z10=0,0,1/Z10) -> 0 | G30: =IF(Z11=0,0,1/Z11) -> 0 | H30: =IF(Z12=0,0,1/Z12) -> 0 | I30: =IF(Z13=0,0,1/Z13) -> 0 | J30: =IF(Z14=0,0,1/Z14) -> 0 | K30: =IF(Z15=0,0,1/Z15) -> 0 | L30: =IF(Z16=0,0,1/Z16) -> 0 | M30: =IF(Z17=0,0,1/Z17) -> 0 | N30: =IF(Z18=0,0,1/Z18) -> 0 | O30: =IF(Z19=0,0,1/Z19) -> 0 | P30: =IF(Z20=0,0,1/Z20) -> 0 | Q30: =IF(Z21=0,0,1/Z21) -> 0 | R30: =IF(Z22=0,0,1/Z22) -> 0 | S30: =IF(Z23=0,0,1/Z23) -> 0 | T30: =IF(Z24=0,0,1/Z24) -> 0 | U30: =IF(Z25=0,0,1/Z25) -> 0 | V30: =IF(Z26=0,0,1/Z26) -> 0 | W30: =IF(Z27=0,0,1/Z27) -> 0 | X30: =IF(Z28=0,0,1/Z28) -> 0 | Y30: =IF(Z29=0,0,1/Z29) -> 0 | Z30: 1
B31: =IF(AA6=0,0,1/AA6) -> 0 | C31: =IF(AA7=0,0,1/AA7) -> 0 | D31: =IF(AA8=0,0,1/AA8) -> 0 | E31: =IF(AA9=0,0,1/AA9) -> 0 | F31: =IF(AA10=0,0,1/AA10) -> 0 | G31: =IF(AA11=0,0,1/AA11) -> 0 | H31: =IF(AA12=0,0,1/AA12) -> 0 | I31: =IF(AA13=0,0,1/AA13) -> 0 | J31: =IF(AA14=0,0,1/AA14) -> 0 | K31: =IF(AA15=0,0,1/AA15) -> 0 | L31: =IF(AA16=0,0,1/AA16) -> 0 | M31: =IF(AA17=0,0,1/AA17) -> 0 | N31: =IF(AA18=0,0,1/AA18) -> 0 | O31: =IF(AA19=0,0,1/AA19) -> 0 | P31: =IF(AA20=0,0,1/AA20) -> 0 | Q31: =IF(AA21=0,0,1/AA21) -> 0 | R31: =IF(AA22=0,0,1/AA22) -> 0 | S31: =IF(AA23=0,0,1/AA23) -> 0 | T31: =IF(AA24=0,0,1/AA24) -> 0 | U31: =IF(AA25=0,0,1/AA25) -> 0 | V31: =IF(AA26=0,0,1/AA26) -> 0 | W31: =IF(AA27=0,0,1/AA27) -> 0 | X31: =IF(AA28=0,0,1/AA28) -> 0 | Y31: =IF(AA29=0,0,1/AA29) -> 0 | Z31: =IF(AA30=0,0,1/AA30) -> 0 | AA31: 1
B32: =IF(AB6=0,0,1/AB6) -> 0 | C32: =IF(AB7=0,0,1/AB7) -> 0 | D32: =IF(AB8=0,0,1/AB8) -> 0 | E32: =IF(AB9=0,0,1/AB9) -> 0 | F32: =IF(AB10=0,0,1/AB10) -> 0 | G32: =IF(AB11=0,0,1/AB11) -> 0 | H32: =IF(AB12=0,0,1/AB12) -> 0 | I32: =IF(AB13=0,0,1/AB13) -> 0 | J32: =IF(AB14=0,0,1/AB14) -> 0 | K32: =IF(AB15=0,0,1/AB15) -> 0 | L32: =IF(AB16=0,0,1/AB16) -> 0 | M32: =IF(AB17=0,0,1/AB17) -> 0 | N32: =IF(AB18=0,0,1/AB18) -> 0 | O32: =IF(AB19=0,0,1/AB19) -> 0 | P32: =IF(AB20=0,0,1/AB20) -> 0 | Q32: =IF(AB21=0,0,1/AB21) -> 0 | R32: =IF(AB22=0,0,1/AB22) -> 0 | S32: =IF(AB23=0,0,1/AB23) -> 0 | T32: =IF(AB24=0,0,1/AB24) -> 0 | U32: =IF(AB25=0,0,1/AB25) -> 0 | V32: =IF(AB26=0,0,1/AB26) -> 0 | W32: =IF(AB27=0,0,1/AB27) -> 0 | X32: =IF(AB28=0,0,1/AB28) -> 0 | Y32: =IF(AB29=0,0,1/AB29) -> 0 | Z32: =IF(AB30=0,0,1/AB30) -> 0 | AA32: =IF(AB31=0,0,1/AB31) -> 0 | AB32: 1
H34: Calculate alternatives weights
B35: {=IF(TRANSPOSE(A6:A32)=0,"-",TRANSPOSE(A6:A32))} -> #VALUE! | C35: - | D35: - | E35: - | F35: - | G35: - | H35: - | I35: - | J35: - | K35: - | L35: - | M35: - | N35: - | O35: - | P35: - | Q35: - | R35: - | S35: - | T35: - | U35: - | V35: - | W35: - | X35: - | Y35: - | Z35: - | AA35: - | AB35: - | AC35: Row total | AD35: Score
A36: {=_xlfn._xlws.FILTER('AHP(Structure the hierarchy)'!B6:B33, 'AHP(Structure the hierarchy)'!B6:B33<>"")} -> #VALUE! | B36: =IF($B$6=0,0,$B$6*B6+$C$6*B7+$D$6*B8+$E$6*B9+$F$6*B10+$G$6*B11+H6*B12+I6*B13+J6*B14+K6*B15+L6*B16+M6*B17+N6*B18+O6*B19+P6*B20+Q6*B21+R6*B22+S6*B23+T6*B24+U6*B25+V6*B26+W6*B27+X6*B28+Y6*B29+Z6*B30+AA6*B31+AB6*B32) -> 1 | C36: =IF($B$6=0,0,$B$6*C6+$C$6*C7+$D$6*C8+$E$6*C9+$F$6*C10+$G$6*C11+I6*C12+J6*C13+K6*C14+L6*C15+M6*C16+N6*C17+O6*C18+P6*C19+Q6*C20+R6*C21+S6*C22+T6*C23+U6*C24+V6*C25+W6*C26+X6*C27+Y6*C28+Z6*C29+AA6*C30+AB6*C31+AC6*C32) -> 0 | D36: =IF($B$6=0,0,$B$6*D6+$C$6*D7+$D$6*D8+$E$6*D9+$F$6*D10+$G$6*D11+J6*D12+K6*D13+L6*D14+M6*D15+N6*D16+O6*D17+P6*D18+Q6*D19+R6*D20+S6*D21+T6*D22+U6*D23+V6*D24+W6*D25+X6*D26+Y6*D27+Z6*D28+AA6*D29+AB6*D30+AC6*D31+AD6*D32) -> 0 | E36: =IF($B$6=0,0,$B$6*E6+$C$6*E7+$D$6*E8+$E$6*E9+$F$6*E10+$G$6*E11+K6*E12+L6*E13+M6*E14+N6*E15+O6*E16+P6*E17+Q6*E18+R6*E19+S6*E20+T6*E21+U6*E22+V6*E23+W6*E24+X6*E25+Y6*E26+Z6*E27+AA6*E28+AB6*E29+AC6*E30+AD6*E31+AE6*E32) -> 0 | F36: =IF($B$6=0,0,$B$6*F6+$C$6*F7+$D$6*F8+$E$6*F9+$F$6*F10+$G$6*F11+L6*F12+M6*F13+N6*F14+O6*F15+P6*F16+Q6*F17+R6*F18+S6*F19+T6*F20+U6*F21+V6*F22+W6*F23+X6*F24+Y6*F25+Z6*F26+AA6*F27+AB6*F28+AC6*F29+AD6*F30+AE6*F31+AF6*F32) -> 0 | G36: =IF($B$6=0,0,$B$6*G6+$C$6*G7+$D$6*G8+$E$6*G9+$F$6*G10+$G$6*G11+M6*G12+N6*G13+O6*G14+P6*G15+Q6*G16+R6*G17+S6*G18+T6*G19+U6*G20+V6*G21+W6*G22+X6*G23+Y6*G24+Z6*G25+AA6*G26+AB6*G27+AC6*G28+AD6*G29+AE6*G30+AF6*G31+AG6*G32) -> 0 | H36: =IF($B$6=0,0,$B$6*H6+$C$6*H7+$D$6*H8+$E$6*H9+$F$6*H10+$G$6*H11+N6*H12+O6*H13+P6*H14+Q6*H15+R6*H16+S6*H17+T6*H18+U6*H19+V6*H20+W6*H21+X6*H22+Y6*H23+Z6*H24+AA6*H25+AB6*H26+AC6*H27+AD6*H28+AE6*H29+AF6*H30+AG6*H31+AH6*H32) -> 0 | I36: =IF($B$6=0,0,$B$6*I6+$C$6*I7+$D$6*I8+$E$6*I9+$F$6*I10+$G$6*I11+O6*I12+P6*I13+Q6*I14+R6*I15+S6*I16+T6*I17+U6*I18+V6*I19+W6*I20+X6*I21+Y6*I22+Z6*I23+AA6*I24+AB6*I25+AC6*I26+AD6*I27+AE6*I28+AF6*I29+AG6*I30+AH6*I31+AI6*I32) -> 0 | ... AB36: =IF($B$6=0,0,$B$6*AB6+$C$6*AB7+$D$6*AB8+$E$6*AB9+$F$6*AB10+$G$6*AB11+AH6*AB12+AI6*AB13+AJ6*AB14+AK6*AB15+AL6*AB16+AM6*AB17+AN6*AB18+AO6*AB19+AP6*AB20+AQ6*AB21+AR6*AB22+AS6*AB23+AT6*AB24+AU6*AB25+AV6*AB26+AW6*AB27+AX6*AB28+AY6*AB29+AZ6*AB30+BA6*AB31+BB6*AB32) -> 0 | AC36: =SUM(B36:AB36) -> 1 | AD36: =AC36/$AC$63 -> 1
B37: =IF($B$7=0,0,$B$7*B6+$C$7*B7+$D$7*B8+$E$7*B9+$F$7*B10+$G$7*B11+$H$7*B12+$I$7*B13+$J$7*B14+$K$7*B15+$L$7*B16+$M$7*B17+$N$7*B18+$O$7*B19+$P$7*B20+$Q$7*B21+$R$7*B22+$S$7*B23+$T$7*B24+$U$7*B25+$V$7*B26+$W$7*B27+$X$7*B28+$Y$7*B29+$Z$7*B30+$AA$7*B31+$AB$7*B32) -> 0 | C37: =IF($B$7=0,0,$B$7*C6+$C$7*C7+$D$7*C8+$E$7*C9+$F$7*C10+$G$7*C11+$H$7*C12+$I$7*C13+$J$7*C14+$K$7*C15+$L$7*C16+$M$7*C17+$N$7*C18+$O$7*C19+$P$7*C20+$Q$7*C21+$R$7*C22+$S$7*C23+$T$7*C24+$U$7*C25+$V$7*C26+$W$7*C27+$X$7*C28+$Y$7*C29+$Z$7*C30+$AA$7*C31+$AB$7*C32) -> 0 | D37: =IF($B$7=0,0,$B$7*D6+$C$7*D7+$D$7*D8+$E$7*D9+$F$7*D10+$G$7*D11+$H$7*D12+$I$7*D13+$J$7*D14+$K$7*D15+$L$7*D16+$M$7*D17+$N$7*D18+$O$7*D19+$P$7*D20+$Q$7*D21+$R$7*D22+$S$7*D23+$T$7*D24+$U$7*D25+$V$7*D26+$W$7*D27+$X$7*D28+$Y$7*D29+$Z$7*D30+$AA$7*D31+$AB$7*D32) -> 0 | E37: =IF($B$7=0,0,$B$7*E6+$C$7*E7+$D$7*E8+$E$7*E9+$F$7*E10+$G$7*E11+$H$7*E12+$I$7*E13+$J$7*E14+$K$7*E15+$L$7*E16+$M$7*E17+$N$7*E18+$O$7*E19+$P$7*E20+$Q$7*E21+$R$7*E22+$S$7*E23+$T$7*E24+$U$7*E25+$V$7*E26+$W$7*E27+$X$7*E28+$Y$7*E29+$Z$7*E30+$AA$7*E31+$AB$7*E32) -> 0 | F37: =IF($B$7=0,0,$B$7*F6+$C$7*F7+$D$7*F8+$E$7*F9+$F$7*F10+$G$7*F11+$H$7*F12+$I$7*F13+$J$7*F14+$K$7*F15+$L$7*F16+$M$7*F17+$N$7*F18+$O$7*F19+$P$7*F20+$Q$7*F21+$R$7*F22+$S$7*F23+$T$7*F24+$U$7*F25+$V$7*F26+$W$7*F27+$X$7*F28+$Y$7*F29+$Z$7*F30+$AA$7*F31+$AB$7*F32) -> 0 | G37: =IF($B$7=0,0,$B$7*G6+$C$7*G7+$D$7*G8+$E$7*G9+$F$7*G10+$G$7*G11+$H$7*G12+$I$7*G13+$J$7*G14+$K$7*G15+$L$7*G16+$M$7*G17+$N$7*G18+$O$7*G19+$P$7*G20+$Q$7*G21+$R$7*G22+$S$7*G23+$T$7*G24+$U$7*G25+$V$7*G26+$W$7*G27+$X$7*G28+$Y$7*G29+$Z$7*G30+$AA$7*G31+$AB$7*G32) -> 0 | H37: =IF($B$7=0,0,$B$7*H6+$C$7*H7+$D$7*H8+$E$7*H9+$F$7*H10+$G$7*H11+$H$7*H12+$I$7*H13+$J$7*H14+$K$7*H15+$L$7*H16+$M$7*H17+$N$7*H18+$O$7*H19+$P$7*H20+$Q$7*H21+$R$7*H22+$S$7*H23+$T$7*H24+$U$7*H25+$V$7*H26+$W$7*H27+$X$7*H28+$Y$7*H29+$Z$7*H30+$AA$7*H31+$AB$7*H32) -> 0 | I37: =IF($B$7=0,0,$B$7*I6+$C$7*I7+$D$7*I8+$E$7*I9+$F$7*I10+$G$7*I11+$H$7*I12+$I$7*I13+$J$7*I14+$K$7*I15+$L$7*I16+$M$7*I17+$N$7*I18+$O$7*I19+$P$7*I20+$Q$7*I21+$R$7*I22+$S$7*I23+$T$7*I24+$U$7*I25+$V$7*I26+$W$7*I27+$X$7*I28+$Y$7*I29+$Z$7*I30+$AA$7*I31+$AB$7*I32) -> 0 | ... AB37: =IF($B$7=0,0,$B$7*AB6+$C$7*AB7+$D$7*AB8+$E$7*AB9+$F$7*AB10+$G$7*AB11+$H$7*AB12+$I$7*AB13+$J$7*AB14+$K$7*AB15+$L$7*AB16+$M$7*AB17+$N$7*AB18+$O$7*AB19+$P$7*AB20+$Q$7*AB21+$R$7*AB22+$S$7*AB23+$T$7*AB24+$U$7*AB25+$V$7*AB26+$W$7*AB27+$X$7*AB28+$Y$7*AB29+$Z$7*AB30+$AA$7*AB31+$AB$7*AB32) -> 0 | AC37: =SUM(B37:AB37) -> 0 | AD37: =AC37/$AC$63 -> 0
B38: =IF($B$8=0,0,$B$8*B6+$C$8*B7+$D$8*B8+$E$8*B9+$F$8*B10+$G$8*B11+$H$8*B12+$I$8*B13+$J$8*B14+$K$8*B15+$L$8*B16+$M$8*B17+$N$8*B18+$O$8*B19+$P$8*B20+$Q$8*B21+$R$8*B22+$S$8*B23+$T$8*B24+$U$8*B25+$V$8*B26+$W$8*B27+$X$8*B28+$Y$8*B29+$Z$8*B30+$AA$8*B31+$AB$8*B32) -> 0 | C38: =IF($B$8=0,0,$B$8*C6+$C$8*C7+$D$8*C8+$E$8*C9+$F$8*C10+$G$8*C11+$H$8*C12+$I$8*C13+$J$8*C14+$K$8*C15+$L$8*C16+$M$8*C17+$N$8*C18+$O$8*C19+$P$8*C20+$Q$8*C21+$R$8*C22+$S$8*C23+$T$8*C24+$U$8*C25+$V$8*C26+$W$8*C27+$X$8*C28+$Y$8*C29+$Z$8*C30+$AA$8*C31+$AB$8*C32) -> 0 | D38: =IF($B$8=0,0,$B$8*D6+$C$8*D7+$D$8*D8+$E$8*D9+$F$8*D10+$G$8*D11+$H$8*D12+$I$8*D13+$J$8*D14+$K$8*D15+$L$8*D16+$M$8*D17+$N$8*D18+$O$8*D19+$P$8*D20+$Q$8*D21+$R$8*D22+$S$8*D23+$T$8*D24+$U$8*D25+$V$8*D26+$W$8*D27+$X$8*D28+$Y$8*D29+$Z$8*D30+$AA$8*D31+$AB$8*D32) -> 0 | E38: =IF($B$8=0,0,$B$8*E6+$C$8*E7+$D$8*E8+$E$8*E9+$F$8*E10+$G$8*E11+$H$8*E12+$I$8*E13+$J$8*E14+$K$8*E15+$L$8*E16+$M$8*E17+$N$8*E18+$O$8*E19+$P$8*E20+$Q$8*E21+$R$8*E22+$S$8*E23+$T$8*E24+$U$8*E25+$V$8*E26+$W$8*E27+$X$8*E28+$Y$8*E29+$Z$8*E30+$AA$8*E31+$AB$8*E32) -> 0 | F38: =IF($B$8=0,0,$B$8*F6+$C$8*F7+$D$8*F8+$E$8*F9+$F$8*F10+$G$8*F11+$H$8*F12+$I$8*F13+$J$8*F14+$K$8*F15+$L$8*F16+$M$8*F17+$N$8*F18+$O$8*F19+$P$8*F20+$Q$8*F21+$R$8*F22+$S$8*F23+$T$8*F24+$U$8*F25+$V$8*F26+$W$8*F27+$X$8*F28+$Y$8*F29+$Z$8*F30+$AA$8*F31+$AB$8*F32) -> 0 | G38: =IF($B$8=0,0,$B$8*G6+$C$8*G7+$D$8*G8+$E$8*G9+$F$8*G10+$G$8*G11+$H$8*G12+$I$8*G13+$J$8*G14+$K$8*G15+$L$8*G16+$M$8*G17+$N$8*G18+$O$8*G19+$P$8*G20+$Q$8*G21+$R$8*G22+$S$8*G23+$T$8*G24+$U$8*G25+$V$8*G26+$W$8*G27+$X$8*G28+$Y$8*G29+$Z$8*G30+$AA$8*G31+$AB$8*G32) -> 0 | H38: =IF($B$8=0,0,$B$8*H6+$C$8*H7+$D$8*H8+$E$8*H9+$F$8*H10+$G$8*H11+$H$8*H12+$I$8*H13+$J$8*H14+$K$8*H15+$L$8*H16+$M$8*H17+$N$8*H18+$O$8*H19+$P$8*H20+$Q$8*H21+$R$8*H22+$S$8*H23+$T$8*H24+$U$8*H25+$V$8*H26+$W$8*H27+$X$8*H28+$Y$8*H29+$Z$8*H30+$AA$8*H31+$AB$8*H32) -> 0 | I38: =IF($B$8=0,0,$B$8*I6+$C$8*I7+$D$8*I8+$E$8*I9+$F$8*I10+$G$8*I11+$H$8*I12+$I$8*I13+$J$8*I14+$K$8*I15+$L$8*I16+$M$8*I17+$N$8*I18+$O$8*I19+$P$8*I20+$Q$8*I21+$R$8*I22+$S$8*I23+$T$8*I24+$U$8*I25+$V$8*I26+$W$8*I27+$X$8*I28+$Y$8*I29+$Z$8*I30+$AA$8*I31+$AB$8*I32) -> 0 | ... AB38: =IF($B$8=0,0,$B$8*AB6+$C$8*AB7+$D$8*AB8+$E$8*AB9+$F$8*AB10+$G$8*AB11+$H$8*AB12+$I$8*AB13+$J$8*AB14+$K$8*AB15+$L$8*AB16+$M$8*AB17+$N$8*AB18+$O$8*AB19+$P$8*AB20+$Q$8*AB21+$R$8*AB22+$S$8*AB23+$T$8*AB24+$U$8*AB25+$V$8*AB26+$W$8*AB27+$X$8*AB28+$Y$8*AB29+$Z$8*AB30+$AA$8*AB31+$AB$8*AB32) -> 0 | AC38: =SUM(B38:AB38) -> 0 | AD38: =AC38/$AC$63 -> 0
B39: =IF($B$9=0,0,$B$9*B6+$C$9*B7+$D$9*B8+$E$9*B9+$F$9*B10+$G$9*B11+$H$9*B12+$I$9*B13+$J$9*B14+$K$9*B15+$L$9*B16+$M$9*B17+$N$9*B18+$O$9*B19+$P$9*B20+$Q$9*B21+$R$9*B22+$S$9*B23+$T$9*B24+$U$9*B25+$V$9*B26+$W$9*B27+$X$9*B28+$Y$9*B29+$Z$9*B30+$AA$9*B31+$AB$9*B32) -> 0 | C39: =IF($B$9=0,0,$B$9*C6+$C$9*C7+$D$9*C8+$E$9*C9+$F$9*C10+$G$9*C11+$H$9*C12+$I$9*C13+$J$9*C14+$K$9*C15+$L$9*C16+$M$9*C17+$N$9*C18+$O$9*C19+$P$9*C20+$Q$9*C21+$R$9*C22+$S$9*C23+$T$9*C24+$U$9*C25+$V$9*C26+$W$9*C27+$X$9*C28+$Y$9*C29+$Z$9*C30+$AA$9*C31+$AB$9*C32) -> 0 | D39: =IF($B$9=0,0,$B$9*D6+$C$9*D7+$D$9*D8+$E$9*D9+$F$9*D10+$G$9*D11+$H$9*D12+$I$9*D13+$J$9*D14+$K$9*D15+$L$9*D16+$M$9*D17+$N$9*D18+$O$9*D19+$P$9*D20+$Q$9*D21+$R$9*D22+$S$9*D23+$T$9*D24+$U$9*D25+$V$9*D26+$W$9*D27+$X$9*D28+$Y$9*D29+$Z$9*D30+$AA$9*D31+$AB$9*D32) -> 0 | E39: =IF($B$9=0,0,$B$9*E6+$C$9*E7+$D$9*E8+$E$9*E9+$F$9*E10+$G$9*E11+$H$9*E12+$I$9*E13+$J$9*E14+$K$9*E15+$L$9*E16+$M$9*E17+$N$9*E18+$O$9*E19+$P$9*E20+$Q$9*E21+$R$9*E22+$S$9*E23+$T$9*E24+$U$9*E25+$V$9*E26+$W$9*E27+$X$9*E28+$Y$9*E29+$Z$9*E30+$AA$9*E31+$AB$9*E32) -> 0 | F39: =IF($B$9=0,0,$B$9*F6+$C$9*F7+$D$9*F8+$E$9*F9+$F$9*F10+$G$9*F11+$H$9*F12+$I$9*F13+$J$9*F14+$K$9*F15+$L$9*F16+$M$9*F17+$N$9*F18+$O$9*F19+$P$9*F20+$Q$9*F21+$R$9*F22+$S$9*F23+$T$9*F24+$U$9*F25+$V$9*F26+$W$9*F27+$X$9*F28+$Y$9*F29+$Z$9*F30+$AA$9*F31+$AB$9*F32) -> 0 | G39: =IF($B$9=0,0,$B$9*G6+$C$9*G7+$D$9*G8+$E$9*G9+$F$9*G10+$G$9*G11+$H$9*G12+$I$9*G13+$J$9*G14+$K$9*G15+$L$9*G16+$M$9*G17+$N$9*G18+$O$9*G19+$P$9*G20+$Q$9*G21+$R$9*G22+$S$9*G23+$T$9*G24+$U$9*G25+$V$9*G26+$W$9*G27+$X$9*G28+$Y$9*G29+$Z$9*G30+$AA$9*G31+$AB$9*G32) -> 0 | H39: =IF($B$9=0,0,$B$9*H6+$C$9*H7+$D$9*H8+$E$9*H9+$F$9*H10+$G$9*H11+$H$9*H12+$I$9*H13+$J$9*H14+$K$9*H15+$L$9*H16+$M$9*H17+$N$9*H18+$O$9*H19+$P$9*H20+$Q$9*H21+$R$9*H22+$S$9*H23+$T$9*H24+$U$9*H25+$V$9*H26+$W$9*H27+$X$9*H28+$Y$9*H29+$Z$9*H30+$AA$9*H31+$AB$9*H32) -> 0 | I39: =IF($B$9=0,0,$B$9*I6+$C$9*I7+$D$9*I8+$E$9*I9+$F$9*I10+$G$9*I11+$H$9*I12+$I$9*I13+$J$9*I14+$K$9*I15+$L$9*I16+$M$9*I17+$N$9*I18+$O$9*I19+$P$9*I20+$Q$9*I21+$R$9*I22+$S$9*I23+$T$9*I24+$U$9*I25+$V$9*I26+$W$9*I27+$X$9*I28+$Y$9*I29+$Z$9*I30+$AA$9*I31+$AB$9*I32) -> 0 | ... AB39: =IF($B$9=0,0,$B$9*AB6+$C$9*AB7+$D$9*AB8+$E$9*AB9+$F$9*AB10+$G$9*AB11+$H$9*AB12+$I$9*AB13+$J$9*AB14+$K$9*AB15+$L$9*AB16+$M$9*AB17+$N$9*AB18+$O$9*AB19+$P$9*AB20+$Q$9*AB21+$R$9*AB22+$S$9*AB23+$T$9*AB24+$U$9*AB25+$V$9*AB26+$W$9*AB27+$X$9*AB28+$Y$9*AB29+$Z$9*AB30+$AA$9*AB31+$AB$9*AB32) -> 0 | AC39: =SUM(B39:AB39) -> 0 | AD39: =AC39/$AC$63 -> 0
B40: =IF($B$10=0,0,$B$10*B6+$C$10*B7+$D$10*B8+$E$10*B9+$F$10*B10+$G$10*B11+$H$10*B12+$I$10*B13+$J$10*B14+$K$10*B15+$L$10*B16+$M$10*B17+$N$10*B18+$O$10*B19+$P$10*B20+$Q$10*B21+$R$10*B22+$S$10*B23+$T$10*B24+$U$10*B25+$V$10*B26+$W$10*B27+$X$10*B28+$Y$10*B29+$Z$10*B30+$AA$10*B31+$AB$10*B32) -> 0 | C40: =IF($B$10=0,0,$B$10*C6+$C$10*C7+$D$10*C8+$E$10*C9+$F$10*C10+$G$10*C11+$H$10*C12+$I$10*C13+$J$10*C14+$K$10*C15+$L$10*C16+$M$10*C17+$N$10*C18+$O$10*C19+$P$10*C20+$Q$10*C21+$R$10*C22+$S$10*C23+$T$10*C24+$U$10*C25+$V$10*C26+$W$10*C27+$X$10*C28+$Y$10*C29+$Z$10*C30+$AA$10*C31+$AB$10*C32) -> 0 | D40: =IF($B$10=0,0,$B$10*D6+$C$10*D7+$D$10*D8+$E$10*D9+$F$10*D10+$G$10*D11+$H$10*D12+$I$10*D13+$J$10*D14+$K$10*D15+$L$10*D16+$M$10*D17+$N$10*D18+$O$10*D19+$P$10*D20+$Q$10*D21+$R$10*D22+$S$10*D23+$T$10*D24+$U$10*D25+$V$10*D26+$W$10*D27+$X$10*D28+$Y$10*D29+$Z$10*D30+$AA$10*D31+$AB$10*D32) -> 0 | E40: =IF($B$10=0,0,$B$10*E6+$C$10*E7+$D$10*E8+$E$10*E9+$F$10*E10+$G$10*E11+$H$10*E12+$I$10*E13+$J$10*E14+$K$10*E15+$L$10*E16+$M$10*E17+$N$10*E18+$O$10*E19+$P$10*E20+$Q$10*E21+$R$10*E22+$S$10*E23+$T$10*E24+$U$10*E25+$V$10*E26+$W$10*E27+$X$10*E28+$Y$10*E29+$Z$10*E30+$AA$10*E31+$AB$10*E32) -> 0 | F40: =IF($B$10=0,0,$B$10*F6+$C$10*F7+$D$10*F8+$E$10*F9+$F$10*F10+$G$10*F11+$H$10*F12+$I$10*F13+$J$10*F14+$K$10*F15+$L$10*F16+$M$10*F17+$N$10*F18+$O$10*F19+$P$10*F20+$Q$10*F21+$R$10*F22+$S$10*F23+$T$10*F24+$U$10*F25+$V$10*F26+$W$10*F27+$X$10*F28+$Y$10*F29+$Z$10*F30+$AA$10*F31+$AB$10*F32) -> 0 | G40: =IF($B$10=0,0,$B$10*G6+$C$10*G7+$D$10*G8+$E$10*G9+$F$10*G10+$G$10*G11+$H$10*G12+$I$10*G13+$J$10*G14+$K$10*G15+$L$10*G16+$M$10*G17+$N$10*G18+$O$10*G19+$P$10*G20+$Q$10*G21+$R$10*G22+$S$10*G23+$T$10*G24+$U$10*G25+$V$10*G26+$W$10*G27+$X$10*G28+$Y$10*G29+$Z$10*G30+$AA$10*G31+$AB$10*G32) -> 0 | H40: =IF($B$10=0,0,$B$10*H6+$C$10*H7+$D$10*H8+$E$10*H9+$F$10*H10+$G$10*H11+$H$10*H12+$I$10*H13+$J$10*H14+$K$10*H15+$L$10*H16+$M$10*H17+$N$10*H18+$O$10*H19+$P$10*H20+$Q$10*H21+$R$10*H22+$S$10*H23+$T$10*H24+$U$10*H25+$V$10*H26+$W$10*H27+$X$10*H28+$Y$10*H29+$Z$10*H30+$AA$10*H31+$AB$10*H32) -> 0 | I40: =IF($B$10=0,0,$B$10*I6+$C$10*I7+$D$10*I8+$E$10*I9+$F$10*I10+$G$10*I11+$H$10*I12+$I$10*I13+$J$10*I14+$K$10*I15+$L$10*I16+$M$10*I17+$N$10*I18+$O$10*I19+$P$10*I20+$Q$10*I21+$R$10*I22+$S$10*I23+$T$10*I24+$U$10*I25+$V$10*I26+$W$10*I27+$X$10*I28+$Y$10*I29+$Z$10*I30+$AA$10*I31+$AB$10*I32) -> 0 | ... AB40: =IF($B$10=0,0,$B$10*AB6+$C$10*AB7+$D$10*AB8+$E$10*AB9+$F$10*AB10+$G$10*AB11+$H$10*AB12+$I$10*AB13+$J$10*AB14+$K$10*AB15+$L$10*AB16+$M$10*AB17+$N$10*AB18+$O$10*AB19+$P$10*AB20+$Q$10*AB21+$R$10*AB22+$S$10*AB23+$T$10*AB24+$U$10*AB25+$V$10*AB26+$W$10*AB27+$X$10*AB28+$Y$10*AB29+$Z$10*AB30+$AA$10*AB31+$AB$10*AB32) -> 0 | AC40: =SUM(B40:AB40) -> 0 | AD40: =AC40/$AC$63 -> 0
B41: =IF($B$11=0,0,$B$11*B6+$C$11*B7+$D$11*B8+$E$11*B9+$F$11*B10+$G$11*B11+$H$11*B12+$I$11*B13+$J$11*B14+$K$11*B15+$L$11*B16+$M$11*B17+$N$11*B18+$O$11*B19+$P$11*B20+$Q$11*B21+$R$11*B22+$S$11*B23+$T$11*B24+$U$11*B25+$V$11*B26+$W$11*B27+$X$11*B28+$Y$11*B29+$Z$11*B30+$AA$11*B31+$AB$11*B32) -> 0 | C41: =IF($B$11=0,0,$B$11*C6+$C$11*C7+$D$11*C8+$E$11*C9+$F$11*C10+$G$11*C11+$H$11*C12+$I$11*C13+$J$11*C14+$K$11*C15+$L$11*C16+$M$11*C17+$N$11*C18+$O$11*C19+$P$11*C20+$Q$11*C21+$R$11*C22+$S$11*C23+$T$11*C24+$U$11*C25+$V$11*C26+$W$11*C27+$X$11*C28+$Y$11*C29+$Z$11*C30+$AA$11*C31+$AB$11*C32) -> 0 | D41: =IF($B$11=0,0,$B$11*D6+$C$11*D7+$D$11*D8+$E$11*D9+$F$11*D10+$G$11*D11+$H$11*D12+$I$11*D13+$J$11*D14+$K$11*D15+$L$11*D16+$M$11*D17+$N$11*D18+$O$11*D19+$P$11*D20+$Q$11*D21+$R$11*D22+$S$11*D23+$T$11*D24+$U$11*D25+$V$11*D26+$W$11*D27+$X$11*D28+$Y$11*D29+$Z$11*D30+$AA$11*D31+$AB$11*D32) -> 0 | E41: =IF($B$11=0,0,$B$11*E6+$C$11*E7+$D$11*E8+$E$11*E9+$F$11*E10+$G$11*E11+$H$11*E12+$I$11*E13+$J$11*E14+$K$11*E15+$L$11*E16+$M$11*E17+$N$11*E18+$O$11*E19+$P$11*E20+$Q$11*E21+$R$11*E22+$S$11*E23+$T$11*E24+$U$11*E25+$V$11*E26+$W$11*E27+$X$11*E28+$Y$11*E29+$Z$11*E30+$AA$11*E31+$AB$11*E32) -> 0 | F41: =IF($B$11=0,0,$B$11*F6+$C$11*F7+$D$11*F8+$E$11*F9+$F$11*F10+$G$11*F11+$H$11*F12+$I$11*F13+$J$11*F14+$K$11*F15+$L$11*F16+$M$11*F17+$N$11*F18+$O$11*F19+$P$11*F20+$Q$11*F21+$R$11*F22+$S$11*F23+$T$11*F24+$U$11*F25+$V$11*F26+$W$11*F27+$X$11*F28+$Y$11*F29+$Z$11*F30+$AA$11*F31+$AB$11*F32) -> 0 | G41: =IF($B$11=0,0,$B$11*G6+$C$11*G7+$D$11*G8+$E$11*G9+$F$11*G10+$G$11*G11+$H$11*G12+$I$11*G13+$J$11*G14+$K$11*G15+$L$11*G16+$M$11*G17+$N$11*G18+$O$11*G19+$P$11*G20+$Q$11*G21+$R$11*G22+$S$11*G23+$T$11*G24+$U$11*G25+$V$11*G26+$W$11*G27+$X$11*G28+$Y$11*G29+$Z$11*G30+$AA$11*G31+$AB$11*G32) -> 0 | H41: =IF($B$11=0,0,$B$11*H6+$C$11*H7+$D$11*H8+$E$11*H9+$F$11*H10+$G$11*H11+$H$11*H12+$I$11*H13+$J$11*H14+$K$11*H15+$L$11*H16+$M$11*H17+$N$11*H18+$O$11*H19+$P$11*H20+$Q$11*H21+$R$11*H22+$S$11*H23+$T$11*H24+$U$11*H25+$V$11*H26+$W$11*H27+$X$11*H28+$Y$11*H29+$Z$11*H30+$AA$11*H31+$AB$11*H32) -> 0 | I41: =IF($B$11=0,0,$B$11*I6+$C$11*I7+$D$11*I8+$E$11*I9+$F$11*I10+$G$11*I11+$H$11*I12+$I$11*I13+$J$11*I14+$K$11*I15+$L$11*I16+$M$11*I17+$N$11*I18+$O$11*I19+$P$11*I20+$Q$11*I21+$R$11*I22+$S$11*I23+$T$11*I24+$U$11*I25+$V$11*I26+$W$11*I27+$X$11*I28+$Y$11*I29+$Z$11*I30+$AA$11*I31+$AB$11*I32) -> 0 | ... AB41: =IF($B$11=0,0,$B$11*AB6+$C$11*AB7+$D$11*AB8+$E$11*AB9+$F$11*AB10+$G$11*AB11+$H$11*AB12+$I$11*AB13+$J$11*AB14+$K$11*AB15+$L$11*AB16+$M$11*AB17+$N$11*AB18+$O$11*AB19+$P$11*AB20+$Q$11*AB21+$R$11*AB22+$S$11*AB23+$T$11*AB24+$U$11*AB25+$V$11*AB26+$W$11*AB27+$X$11*AB28+$Y$11*AB29+$Z$11*AB30+$AA$11*AB31+$AB$11*AB32) -> 0 | AC41: =SUM(B41:AB41) -> 0 | AD41: =AC41/$AC$63 -> 0
B42: =IF($B$12=0,0,$B$12*B6+$C$12*B7+$D$12*B8+$E$12*B9+$F$12*B10+$G$12*B11+$H$12*B12+$I$12*B13+$J$12*B14+$K$12*B15+$L$12*B16+$M$12*B17+$N$12*B18+$O$12*B19+$P$12*B20+$Q$12*B21+$R$12*B22+$S$12*B23+$T$12*B24+$U$12*B25+$V$12*B26+$W$12*B27+$X$12*B28+$Y$12*B29+$Z$12*B30+$AA$12*B31+$AB$12*B32) -> 0 | C42: =IF($B$12=0,0,$B$12*C6+$C$12*C7+$D$12*C8+$E$12*C9+$F$12*C10+$G$12*C11+$H$12*C12+$I$12*C13+$J$12*C14+$K$12*C15+$L$12*C16+$M$12*C17+$N$12*C18+$O$12*C19+$P$12*C20+$Q$12*C21+$R$12*C22+$S$12*C23+$T$12*C24+$U$12*C25+$V$12*C26+$W$12*C27+$X$12*C28+$Y$12*C29+$Z$12*C30+$AA$12*C31+$AB$12*C32) -> 0 | D42: =IF($B$12=0,0,$B$12*D6+$C$12*D7+$D$12*D8+$E$12*D9+$F$12*D10+$G$12*D11+$H$12*D12+$I$12*D13+$J$12*D14+$K$12*D15+$L$12*D16+$M$12*D17+$N$12*D18+$O$12*D19+$P$12*D20+$Q$12*D21+$R$12*D22+$S$12*D23+$T$12*D24+$U$12*D25+$V$12*D26+$W$12*D27+$X$12*D28+$Y$12*D29+$Z$12*D30+$AA$12*D31+$AB$12*D32) -> 0 | E42: =IF($B$12=0,0,$B$12*E6+$C$12*E7+$D$12*E8+$E$12*E9+$F$12*E10+$G$12*E11+$H$12*E12+$I$12*E13+$J$12*E14+$K$12*E15+$L$12*E16+$M$12*E17+$N$12*E18+$O$12*E19+$P$12*E20+$Q$12*E21+$R$12*E22+$S$12*E23+$T$12*E24+$U$12*E25+$V$12*E26+$W$12*E27+$X$12*E28+$Y$12*E29+$Z$12*E30+$AA$12*E31+$AB$12*E32) -> 0 | F42: =IF($B$12=0,0,$B$12*F6+$C$12*F7+$D$12*F8+$E$12*F9+$F$12*F10+$G$12*F11+$H$12*F12+$I$12*F13+$J$12*F14+$K$12*F15+$L$12*F16+$M$12*F17+$N$12*F18+$O$12*F19+$P$12*F20+$Q$12*F21+$R$12*F22+$S$12*F23+$T$12*F24+$U$12*F25+$V$12*F26+$W$12*F27+$X$12*F28+$Y$12*F29+$Z$12*F30+$AA$12*F31+$AB$12*F32) -> 0 | G42: =IF($B$12=0,0,$B$12*G6+$C$12*G7+$D$12*G8+$E$12*G9+$F$12*G10+$G$12*G11+$H$12*G12+$I$12*G13+$J$12*G14+$K$12*G15+$L$12*G16+$M$12*G17+$N$12*G18+$O$12*G19+$P$12*G20+$Q$12*G21+$R$12*G22+$S$12*G23+$T$12*G24+$U$12*G25+$V$12*G26+$W$12*G27+$X$12*G28+$Y$12*G29+$Z$12*G30+$AA$12*G31+$AB$12*G32) -> 0 | H42: =IF($B$12=0,0,$B$12*H6+$C$12*H7+$D$12*H8+$E$12*H9+$F$12*H10+$G$12*H11+$H$12*H12+$I$12*H13+$J$12*H14+$K$12*H15+$L$12*H16+$M$12*H17+$N$12*H18+$O$12*H19+$P$12*H20+$Q$12*H21+$R$12*H22+$S$12*H23+$T$12*H24+$U$12*H25+$V$12*H26+$W$12*H27+$X$12*H28+$Y$12*H29+$Z$12*H30+$AA$12*H31+$AB$12*H32) -> 0 | I42: =IF($B$12=0,0,$B$12*I6+$C$12*I7+$D$12*I8+$E$12*I9+$F$12*I10+$G$12*I11+$H$12*I12+$I$12*I13+$J$12*I14+$K$12*I15+$L$12*I16+$M$12*I17+$N$12*I18+$O$12*I19+$P$12*I20+$Q$12*I21+$R$12*I22+$S$12*I23+$T$12*I24+$U$12*I25+$V$12*I26+$W$12*I27+$X$12*I28+$Y$12*I29+$Z$12*I30+$AA$12*I31+$AB$12*I32) -> 0 | ... AB42: =IF($B$12=0,0,$B$12*AB6+$C$12*AB7+$D$12*AB8+$E$12*AB9+$F$12*AB10+$G$12*AB11+$H$12*AB12+$I$12*AB13+$J$12*AB14+$K$12*AB15+$L$12*AB16+$M$12*AB17+$N$12*AB18+$O$12*AB19+$P$12*AB20+$Q$12*AB21+$R$12*AB22+$S$12*AB23+$T$12*AB24+$U$12*AB25+$V$12*AB26+$W$12*AB27+$X$12*AB28+$Y$12*AB29+$Z$12*AB30+$AA$12*AB31+$AB$12*AB32) -> 0 | AC42: =SUM(B42:AB42) -> 0 | AD42: =AC42/$AC$63 -> 0
B43: =IF($B$13=0,0,$B$13*B6+$C$13*B7+$D$13*B8+$E$13*B9+$F$13*B10+$G$13*B11+$H$13*B12+$I$13*B13+$J$13*B14+$K$13*B15+$L$13*B16+$M$13*B17+$N$13*B18+$O$13*B19+$P$13*B20+$Q$13*B21+$R$13*B22+$S$13*B23+$T$13*B24+$U$13*B25+$V$13*B26+$W$13*B27+$X$13*B28+$Y$13*B29+$Z$13*B30+$AA$13*B31+$AB$13*B32) -> 0 | C43: =IF($B$13=0,0,$B$13*C6+$C$13*C7+$D$13*C8+$E$13*C9+$F$13*C10+$G$13*C11+$H$13*C12+$I$13*C13+$J$13*C14+$K$13*C15+$L$13*C16+$M$13*C17+$N$13*C18+$O$13*C19+$P$13*C20+$Q$13*C21+$R$13*C22+$S$13*C23+$T$13*C24+$U$13*C25+$V$13*C26+$W$13*C27+$X$13*C28+$Y$13*C29+$Z$13*C30+$AA$13*C31+$AB$13*C32) -> 0 | D43: =IF($B$13=0,0,$B$13*D6+$C$13*D7+$D$13*D8+$E$13*D9+$F$13*D10+$G$13*D11+$H$13*D12+$I$13*D13+$J$13*D14+$K$13*D15+$L$13*D16+$M$13*D17+$N$13*D18+$O$13*D19+$P$13*D20+$Q$13*D21+$R$13*D22+$S$13*D23+$T$13*D24+$U$13*D25+$V$13*D26+$W$13*D27+$X$13*D28+$Y$13*D29+$Z$13*D30+$AA$13*D31+$AB$13*D32) -> 0 | E43: =IF($B$13=0,0,$B$13*E6+$C$13*E7+$D$13*E8+$E$13*E9+$F$13*E10+$G$13*E11+$H$13*E12+$I$13*E13+$J$13*E14+$K$13*E15+$L$13*E16+$M$13*E17+$N$13*E18+$O$13*E19+$P$13*E20+$Q$13*E21+$R$13*E22+$S$13*E23+$T$13*E24+$U$13*E25+$V$13*E26+$W$13*E27+$X$13*E28+$Y$13*E29+$Z$13*E30+$AA$13*E31+$AB$13*E32) -> 0 | F43: =IF($B$13=0,0,$B$13*F6+$C$13*F7+$D$13*F8+$E$13*F9+$F$13*F10+$G$13*F11+$H$13*F12+$I$13*F13+$J$13*F14+$K$13*F15+$L$13*F16+$M$13*F17+$N$13*F18+$O$13*F19+$P$13*F20+$Q$13*F21+$R$13*F22+$S$13*F23+$T$13*F24+$U$13*F25+$V$13*F26+$W$13*F27+$X$13*F28+$Y$13*F29+$Z$13*F30+$AA$13*F31+$AB$13*F32) -> 0 | G43: =IF($B$13=0,0,$B$13*G6+$C$13*G7+$D$13*G8+$E$13*G9+$F$13*G10+$G$13*G11+$H$13*G12+$I$13*G13+$J$13*G14+$K$13*G15+$L$13*G16+$M$13*G17+$N$13*G18+$O$13*G19+$P$13*G20+$Q$13*G21+$R$13*G22+$S$13*G23+$T$13*G24+$U$13*G25+$V$13*G26+$W$13*G27+$X$13*G28+$Y$13*G29+$Z$13*G30+$AA$13*G31+$AB$13*G32) -> 0 | H43: =IF($B$13=0,0,$B$13*H6+$C$13*H7+$D$13*H8+$E$13*H9+$F$13*H10+$G$13*H11+$H$13*H12+$I$13*H13+$J$13*H14+$K$13*H15+$L$13*H16+$M$13*H17+$N$13*H18+$O$13*H19+$P$13*H20+$Q$13*H21+$R$13*H22+$S$13*H23+$T$13*H24+$U$13*H25+$V$13*H26+$W$13*H27+$X$13*H28+$Y$13*H29+$Z$13*H30+$AA$13*H31+$AB$13*H32) -> 0 | I43: =IF($B$13=0,0,$B$13*I6+$C$13*I7+$D$13*I8+$E$13*I9+$F$13*I10+$G$13*I11+$H$13*I12+$I$13*I13+$J$13*I14+$K$13*I15+$L$13*I16+$M$13*I17+$N$13*I18+$O$13*I19+$P$13*I20+$Q$13*I21+$R$13*I22+$S$13*I23+$T$13*I24+$U$13*I25+$V$13*I26+$W$13*I27+$X$13*I28+$Y$13*I29+$Z$13*I30+$AA$13*I31+$AB$13*I32) -> 0 | ... AB43: =IF($B$13=0,0,$B$13*AB6+$C$13*AB7+$D$13*AB8+$E$13*AB9+$F$13*AB10+$G$13*AB11+$H$13*AB12+$I$13*AB13+$J$13*AB14+$K$13*AB15+$L$13*AB16+$M$13*AB17+$N$13*AB18+$O$13*AB19+$P$13*AB20+$Q$13*AB21+$R$13*AB22+$S$13*AB23+$T$13*AB24+$U$13*AB25+$V$13*AB26+$W$13*AB27+$X$13*AB28+$Y$13*AB29+$Z$13*AB30+$AA$13*AB31+$AB$13*AB32) -> 0 | AC43: =SUM(B43:AB43) -> 0 | AD43: =AC43/$AC$63 -> 0
B44: =IF($B$14=0,0,$B$14*B6+$C$14*B7+$D$14*B8+$E$14*B9+$F$14*B10+$G$14*B11+$H$14*B12+$I$14*B13+$J$14*B14+$K$14*B15+$L$14*B16+$M$14*B17+$N$14*B18+$O$14*B19+$P$14*B20+$Q$14*B21+$R$14*B22+$S$14*B23+$T$14*B24+$U$14*B25+$V$14*B26+$W$14*B27+$X$14*B28+$Y$14*B29+$Z$14*B30+$AA$14*B31+$AB$14*B32) -> 0 | C44: =IF($B$14=0,0,$B$14*C6+$C$14*C7+$D$14*C8+$E$14*C9+$F$14*C10+$G$14*C11+$H$14*C12+$I$14*C13+$J$14*C14+$K$14*C15+$L$14*C16+$M$14*C17+$N$14*C18+$O$14*C19+$P$14*C20+$Q$14*C21+$R$14*C22+$S$14*C23+$T$14*C24+$U$14*C25+$V$14*C26+$W$14*C27+$X$14*C28+$Y$14*C29+$Z$14*C30+$AA$14*C31+$AB$14*C32) -> 0 | D44: =IF($B$14=0,0,$B$14*D6+$C$14*D7+$D$14*D8+$E$14*D9+$F$14*D10+$G$14*D11+$H$14*D12+$I$14*D13+$J$14*D14+$K$14*D15+$L$14*D16+$M$14*D17+$N$14*D18+$O$14*D19+$P$14*D20+$Q$14*D21+$R$14*D22+$S$14*D23+$T$14*D24+$U$14*D25+$V$14*D26+$W$14*D27+$X$14*D28+$Y$14*D29+$Z$14*D30+$AA$14*D31+$AB$14*D32) -> 0 | E44: =IF($B$14=0,0,$B$14*E6+$C$14*E7+$D$14*E8+$E$14*E9+$F$14*E10+$G$14*E11+$H$14*E12+$I$14*E13+$J$14*E14+$K$14*E15+$L$14*E16+$M$14*E17+$N$14*E18+$O$14*E19+$P$14*E20+$Q$14*E21+$R$14*E22+$S$14*E23+$T$14*E24+$U$14*E25+$V$14*E26+$W$14*E27+$X$14*E28+$Y$14*E29+$Z$14*E30+$AA$14*E31+$AB$14*E32) -> 0 | F44: =IF($B$14=0,0,$B$14*F6+$C$14*F7+$D$14*F8+$E$14*F9+$F$14*F10+$G$14*F11+$H$14*F12+$I$14*F13+$J$14*F14+$K$14*F15+$L$14*F16+$M$14*F17+$N$14*F18+$O$14*F19+$P$14*F20+$Q$14*F21+$R$14*F22+$S$14*F23+$T$14*F24+$U$14*F25+$V$14*F26+$W$14*F27+$X$14*F28+$Y$14*F29+$Z$14*F30+$AA$14*F31+$AB$14*F32) -> 0 | G44: =IF($B$14=0,0,$B$14*G6+$C$14*G7+$D$14*G8+$E$14*G9+$F$14*G10+$G$14*G11+$H$14*G12+$I$14*G13+$J$14*G14+$K$14*G15+$L$14*G16+$M$14*G17+$N$14*G18+$O$14*G19+$P$14*G20+$Q$14*G21+$R$14*G22+$S$14*G23+$T$14*G24+$U$14*G25+$V$14*G26+$W$14*G27+$X$14*G28+$Y$14*G29+$Z$14*G30+$AA$14*G31+$AB$14*G32) -> 0 | H44: =IF($B$14=0,0,$B$14*H6+$C$14*H7+$D$14*H8+$E$14*H9+$F$14*H10+$G$14*H11+$H$14*H12+$I$14*H13+$J$14*H14+$K$14*H15+$L$14*H16+$M$14*H17+$N$14*H18+$O$14*H19+$P$14*H20+$Q$14*H21+$R$14*H22+$S$14*H23+$T$14*H24+$U$14*H25+$V$14*H26+$W$14*H27+$X$14*H28+$Y$14*H29+$Z$14*H30+$AA$14*H31+$AB$14*H32) -> 0 | I44: =IF($B$14=0,0,$B$14*I6+$C$14*I7+$D$14*I8+$E$14*I9+$F$14*I10+$G$14*I11+$H$14*I12+$I$14*I13+$J$14*I14+$K$14*I15+$L$14*I16+$M$14*I17+$N$14*I18+$O$14*I19+$P$14*I20+$Q$14*I21+$R$14*I22+$S$14*I23+$T$14*I24+$U$14*I25+$V$14*I26+$W$14*I27+$X$14*I28+$Y$14*I29+$Z$14*I30+$AA$14*I31+$AB$14*I32) -> 0 | ... AB44: =IF($B$14=0,0,$B$14*AB6+$C$14*AB7+$D$14*AB8+$E$14*AB9+$F$14*AB10+$G$14*AB11+$H$14*AB12+$I$14*AB13+$J$14*AB14+$K$14*AB15+$L$14*AB16+$M$14*AB17+$N$14*AB18+$O$14*AB19+$P$14*AB20+$Q$14*AB21+$R$14*AB22+$S$14*AB23+$T$14*AB24+$U$14*AB25+$V$14*AB26+$W$14*AB27+$X$14*AB28+$Y$14*AB29+$Z$14*AB30+$AA$14*AB31+$AB$14*AB32) -> 0 | AC44: =SUM(B44:AB44) -> 0 | AD44: =AC44/$AC$63 -> 0
B45: =IF($B$15=0,0,$B$15*B6+$C$15*B7+$D$15*B8+$E$15*B9+$F$15*B10+$G$15*B11+$H$15*B12+$I$15*B13+$J$15*B14+$K$15*B15+$L$15*B16+$M$15*B17+$N$15*B18+$O$15*B19+$P$15*B20+$Q$15*B21+$R$15*B22+$S$15*B23+$T$15*B24+$U$15*B25+$V$15*B26+$W$15*B27+$X$15*B28+$Y$15*B29+$Z$15*B30+$AA$15*B31+$AB$15*B32) -> 0 | C45: =IF($B$15=0,0,$B$15*C6+$C$15*C7+$D$15*C8+$E$15*C9+$F$15*C10+$G$15*C11+$H$15*C12+$I$15*C13+$J$15*C14+$K$15*C15+$L$15*C16+$M$15*C17+$N$15*C18+$O$15*C19+$P$15*C20+$Q$15*C21+$R$15*C22+$S$15*C23+$T$15*C24+$U$15*C25+$V$15*C26+$W$15*C27+$X$15*C28+$Y$15*C29+$Z$15*C30+$AA$15*C31+$AB$15*C32) -> 0 | D45: =IF($B$15=0,0,$B$15*D6+$C$15*D7+$D$15*D8+$E$15*D9+$F$15*D10+$G$15*D11+$H$15*D12+$I$15*D13+$J$15*D14+$K$15*D15+$L$15*D16+$M$15*D17+$N$15*D18+$O$15*D19+$P$15*D20+$Q$15*D21+$R$15*D22+$S$15*D23+$T$15*D24+$U$15*D25+$V$15*D26+$W$15*D27+$X$15*D28+$Y$15*D29+$Z$15*D30+$AA$15*D31+$AB$15*D32) -> 0 | E45: =IF($B$15=0,0,$B$15*E6+$C$15*E7+$D$15*E8+$E$15*E9+$F$15*E10+$G$15*E11+$H$15*E12+$I$15*E13+$J$15*E14+$K$15*E15+$L$15*E16+$M$15*E17+$N$15*E18+$O$15*E19+$P$15*E20+$Q$15*E21+$R$15*E22+$S$15*E23+$T$15*E24+$U$15*E25+$V$15*E26+$W$15*E27+$X$15*E28+$Y$15*E29+$Z$15*E30+$AA$15*E31+$AB$15*E32) -> 0 | F45: =IF($B$15=0,0,$B$15*F6+$C$15*F7+$D$15*F8+$E$15*F9+$F$15*F10+$G$15*F11+$H$15*F12+$I$15*F13+$J$15*F14+$K$15*F15+$L$15*F16+$M$15*F17+$N$15*F18+$O$15*F19+$P$15*F20+$Q$15*F21+$R$15*F22+$S$15*F23+$T$15*F24+$U$15*F25+$V$15*F26+$W$15*F27+$X$15*F28+$Y$15*F29+$Z$15*F30+$AA$15*F31+$AB$15*F32) -> 0 | G45: =IF($B$15=0,0,$B$15*G6+$C$15*G7+$D$15*G8+$E$15*G9+$F$15*G10+$G$15*G11+$H$15*G12+$I$15*G13+$J$15*G14+$K$15*G15+$L$15*G16+$M$15*G17+$N$15*G18+$O$15*G19+$P$15*G20+$Q$15*G21+$R$15*G22+$S$15*G23+$T$15*G24+$U$15*G25+$V$15*G26+$W$15*G27+$X$15*G28+$Y$15*G29+$Z$15*G30+$AA$15*G31+$AB$15*G32) -> 0 | H45: =IF($B$15=0,0,$B$15*H6+$C$15*H7+$D$15*H8+$E$15*H9+$F$15*H10+$G$15*H11+$H$15*H12+$I$15*H13+$J$15*H14+$K$15*H15+$L$15*H16+$M$15*H17+$N$15*H18+$O$15*H19+$P$15*H20+$Q$15*H21+$R$15*H22+$S$15*H23+$T$15*H24+$U$15*H25+$V$15*H26+$W$15*H27+$X$15*H28+$Y$15*H29+$Z$15*H30+$AA$15*H31+$AB$15*H32) -> 0 | I45: =IF($B$15=0,0,$B$15*I6+$C$15*I7+$D$15*I8+$E$15*I9+$F$15*I10+$G$15*I11+$H$15*I12+$I$15*I13+$J$15*I14+$K$15*I15+$L$15*I16+$M$15*I17+$N$15*I18+$O$15*I19+$P$15*I20+$Q$15*I21+$R$15*I22+$S$15*I23+$T$15*I24+$U$15*I25+$V$15*I26+$W$15*I27+$X$15*I28+$Y$15*I29+$Z$15*I30+$AA$15*I31+$AB$15*I32) -> 0 | ... AB45: =IF($B$15=0,0,$B$15*AB6+$C$15*AB7+$D$15*AB8+$E$15*AB9+$F$15*AB10+$G$15*AB11+$H$15*AB12+$I$15*AB13+$J$15*AB14+$K$15*AB15+$L$15*AB16+$M$15*AB17+$N$15*AB18+$O$15*AB19+$P$15*AB20+$Q$15*AB21+$R$15*AB22+$S$15*AB23+$T$15*AB24+$U$15*AB25+$V$15*AB26+$W$15*AB27+$X$15*AB28+$Y$15*AB29+$Z$15*AB30+$AA$15*AB31+$AB$15*AB32) -> 0 | AC45: =SUM(B45:AB45) -> 0 | AD45: =AC45/$AC$63 -> 0
B46: =IF($B$16=0,0,$B$16*B6+$C$16*B7+$D$16*B8+$E$16*B9+$F$16*B10+$G$16*B11+$H$16*B12+$I$16*B13+$J$16*B14+$K$16*B15+$L$16*B16+$M$16*B17+$N$16*B18+$O$16*B19+$P$16*B20+$Q$16*B21+$R$16*B22+$S$16*B23+$T$16*B24+$U$16*B25+$V$16*B26+$W$16*B27+$X$16*B28+$Y$16*B29+$Z$16*B30+$AA$16*B31+$AB$16*B32) -> 0 | C46: =IF($B$16=0,0,$B$16*C6+$C$16*C7+$D$16*C8+$E$16*C9+$F$16*C10+$G$16*C11+$H$16*C12+$I$16*C13+$J$16*C14+$K$16*C15+$L$16*C16+$M$16*C17+$N$16*C18+$O$16*C19+$P$16*C20+$Q$16*C21+$R$16*C22+$S$16*C23+$T$16*C24+$U$16*C25+$V$16*C26+$W$16*C27+$X$16*C28+$Y$16*C29+$Z$16*C30+$AA$16*C31+$AB$16*C32) -> 0 | D46: =IF($B$16=0,0,$B$16*D6+$C$16*D7+$D$16*D8+$E$16*D9+$F$16*D10+$G$16*D11+$H$16*D12+$I$16*D13+$J$16*D14+$K$16*D15+$L$16*D16+$M$16*D17+$N$16*D18+$O$16*D19+$P$16*D20+$Q$16*D21+$R$16*D22+$S$16*D23+$T$16*D24+$U$16*D25+$V$16*D26+$W$16*D27+$X$16*D28+$Y$16*D29+$Z$16*D30+$AA$16*D31+$AB$16*D32) -> 0 | E46: =IF($B$16=0,0,$B$16*E6+$C$16*E7+$D$16*E8+$E$16*E9+$F$16*E10+$G$16*E11+$H$16*E12+$I$16*E13+$J$16*E14+$K$16*E15+$L$16*E16+$M$16*E17+$N$16*E18+$O$16*E19+$P$16*E20+$Q$16*E21+$R$16*E22+$S$16*E23+$T$16*E24+$U$16*E25+$V$16*E26+$W$16*E27+$X$16*E28+$Y$16*E29+$Z$16*E30+$AA$16*E31+$AB$16*E32) -> 0 | F46: =IF($B$16=0,0,$B$16*F6+$C$16*F7+$D$16*F8+$E$16*F9+$F$16*F10+$G$16*F11+$H$16*F12+$I$16*F13+$J$16*F14+$K$16*F15+$L$16*F16+$M$16*F17+$N$16*F18+$O$16*F19+$P$16*F20+$Q$16*F21+$R$16*F22+$S$16*F23+$T$16*F24+$U$16*F25+$V$16*F26+$W$16*F27+$X$16*F28+$Y$16*F29+$Z$16*F30+$AA$16*F31+$AB$16*F32) -> 0 | G46: =IF($B$16=0,0,$B$16*G6+$C$16*G7+$D$16*G8+$E$16*G9+$F$16*G10+$G$16*G11+$H$16*G12+$I$16*G13+$J$16*G14+$K$16*G15+$L$16*G16+$M$16*G17+$N$16*G18+$O$16*G19+$P$16*G20+$Q$16*G21+$R$16*G22+$S$16*G23+$T$16*G24+$U$16*G25+$V$16*G26+$W$16*G27+$X$16*G28+$Y$16*G29+$Z$16*G30+$AA$16*G31+$AB$16*G32) -> 0 | H46: =IF($B$16=0,0,$B$16*H6+$C$16*H7+$D$16*H8+$E$16*H9+$F$16*H10+$G$16*H11+$H$16*H12+$I$16*H13+$J$16*H14+$K$16*H15+$L$16*H16+$M$16*H17+$N$16*H18+$O$16*H19+$P$16*H20+$Q$16*H21+$R$16*H22+$S$16*H23+$T$16*H24+$U$16*H25+$V$16*H26+$W$16*H27+$X$16*H28+$Y$16*H29+$Z$16*H30+$AA$16*H31+$AB$16*H32) -> 0 | I46: =IF($B$16=0,0,$B$16*I6+$C$16*I7+$D$16*I8+$E$16*I9+$F$16*I10+$G$16*I11+$H$16*I12+$I$16*I13+$J$16*I14+$K$16*I15+$L$16*I16+$M$16*I17+$N$16*I18+$O$16*I19+$P$16*I20+$Q$16*I21+$R$16*I22+$S$16*I23+$T$16*I24+$U$16*I25+$V$16*I26+$W$16*I27+$X$16*I28+$Y$16*I29+$Z$16*I30+$AA$16*I31+$AB$16*I32) -> 0 | ... AB46: =IF($B$16=0,0,$B$16*AB6+$C$16*AB7+$D$16*AB8+$E$16*AB9+$F$16*AB10+$G$16*AB11+$H$16*AB12+$I$16*AB13+$J$16*AB14+$K$16*AB15+$L$16*AB16+$M$16*AB17+$N$16*AB18+$O$16*AB19+$P$16*AB20+$Q$16*AB21+$R$16*AB22+$S$16*AB23+$T$16*AB24+$U$16*AB25+$V$16*AB26+$W$16*AB27+$X$16*AB28+$Y$16*AB29+$Z$16*AB30+$AA$16*AB31+$AB$16*AB32) -> 0 | AC46: =SUM(B46:AB46) -> 0 | AD46: =AC46/$AC$63 -> 0
B47: =IF($B$17=0,0,$B$17*B6+$C$17*B7+$D$17*B8+$E$17*B9+$F$17*B10+$G$17*B11+$H$17*B12+$I$17*B13+$J$17*B14+$K$17*B15+$L$17*B16+$M$17*B17+$N$17*B18+$O$17*B19+$P$17*B20+$Q$17*B21+$R$17*B22+$S$17*B23+$T$17*B24+$U$17*B25+$V$17*B26+$W$17*B27+$X$17*B28+$Y$17*B29+$Z$17*B30+$AA$17*B31+$AB$17*B32) -> 0 | C47: =IF($B$17=0,0,$B$17*C6+$C$17*C7+$D$17*C8+$E$17*C9+$F$17*C10+$G$17*C11+$H$17*C12+$I$17*C13+$J$17*C14+$K$17*C15+$L$17*C16+$M$17*C17+$N$17*C18+$O$17*C19+$P$17*C20+$Q$17*C21+$R$17*C22+$S$17*C23+$T$17*C24+$U$17*C25+$V$17*C26+$W$17*C27+$X$17*C28+$Y$17*C29+$Z$17*C30+$AA$17*C31+$AB$17*C32) -> 0 | D47: =IF($B$17=0,0,$B$17*D6+$C$17*D7+$D$17*D8+$E$17*D9+$F$17*D10+$G$17*D11+$H$17*D12+$I$17*D13+$J$17*D14+$K$17*D15+$L$17*D16+$M$17*D17+$N$17*D18+$O$17*D19+$P$17*D20+$Q$17*D21+$R$17*D22+$S$17*D23+$T$17*D24+$U$17*D25+$V$17*D26+$W$17*D27+$X$17*D28+$Y$17*D29+$Z$17*D30+$AA$17*D31+$AB$17*D32) -> 0 | E47: =IF($B$17=0,0,$B$17*E6+$C$17*E7+$D$17*E8+$E$17*E9+$F$17*E10+$G$17*E11+$H$17*E12+$I$17*E13+$J$17*E14+$K$17*E15+$L$17*E16+$M$17*E17+$N$17*E18+$O$17*E19+$P$17*E20+$Q$17*E21+$R$17*E22+$S$17*E23+$T$17*E24+$U$17*E25+$V$17*E26+$W$17*E27+$X$17*E28+$Y$17*E29+$Z$17*E30+$AA$17*E31+$AB$17*E32) -> 0 | F47: =IF($B$17=0,0,$B$17*F6+$C$17*F7+$D$17*F8+$E$17*F9+$F$17*F10+$G$17*F11+$H$17*F12+$I$17*F13+$J$17*F14+$K$17*F15+$L$17*F16+$M$17*F17+$N$17*F18+$O$17*F19+$P$17*F20+$Q$17*F21+$R$17*F22+$S$17*F23+$T$17*F24+$U$17*F25+$V$17*F26+$W$17*F27+$X$17*F28+$Y$17*F29+$Z$17*F30+$AA$17*F31+$AB$17*F32) -> 0 | G47: =IF($B$17=0,0,$B$17*G6+$C$17*G7+$D$17*G8+$E$17*G9+$F$17*G10+$G$17*G11+$H$17*G12+$I$17*G13+$J$17*G14+$K$17*G15+$L$17*G16+$M$17*G17+$N$17*G18+$O$17*G19+$P$17*G20+$Q$17*G21+$R$17*G22+$S$17*G23+$T$17*G24+$U$17*G25+$V$17*G26+$W$17*G27+$X$17*G28+$Y$17*G29+$Z$17*G30+$AA$17*G31+$AB$17*G32) -> 0 | H47: =IF($B$17=0,0,$B$17*H6+$C$17*H7+$D$17*H8+$E$17*H9+$F$17*H10+$G$17*H11+$H$17*H12+$I$17*H13+$J$17*H14+$K$17*H15+$L$17*H16+$M$17*H17+$N$17*H18+$O$17*H19+$P$17*H20+$Q$17*H21+$R$17*H22+$S$17*H23+$T$17*H24+$U$17*H25+$V$17*H26+$W$17*H27+$X$17*H28+$Y$17*H29+$Z$17*H30+$AA$17*H31+$AB$17*H32) -> 0 | I47: =IF($B$17=0,0,$B$17*I6+$C$17*I7+$D$17*I8+$E$17*I9+$F$17*I10+$G$17*I11+$H$17*I12+$I$17*I13+$J$17*I14+$K$17*I15+$L$17*I16+$M$17*I17+$N$17*I18+$O$17*I19+$P$17*I20+$Q$17*I21+$R$17*I22+$S$17*I23+$T$17*I24+$U$17*I25+$V$17*I26+$W$17*I27+$X$17*I28+$Y$17*I29+$Z$17*I30+$AA$17*I31+$AB$17*I32) -> 0 | ... AB47: =IF($B$17=0,0,$B$17*AB6+$C$17*AB7+$D$17*AB8+$E$17*AB9+$F$17*AB10+$G$17*AB11+$H$17*AB12+$I$17*AB13+$J$17*AB14+$K$17*AB15+$L$17*AB16+$M$17*AB17+$N$17*AB18+$O$17*AB19+$P$17*AB20+$Q$17*AB21+$R$17*AB22+$S$17*AB23+$T$17*AB24+$U$17*AB25+$V$17*AB26+$W$17*AB27+$X$17*AB28+$Y$17*AB29+$Z$17*AB30+$AA$17*AB31+$AB$17*AB32) -> 0 | AC47: =SUM(B47:AB47) -> 0 | AD47: =AC47/$AC$63 -> 0
B48: =IF($B$18=0,0,$B$18*B6+$C$18*B7+$D$18*B8+$E$18*B9+$F$18*B10+$G$18*B11+$H$18*B12+$I$18*B13+$J$18*B14+$K$18*B15+$L$18*B16+$M$18*B17+$N$18*B18+$O$18*B19+$P$18*B20+$Q$18*B21+$R$18*B22+$S$18*B23+$T$18*B24+$U$18*B25+$V$18*B26+$W$18*B27+$X$18*B28+$Y$18*B29+$Z$18*B30+$AA$18*B31+$AB$18*B32) -> 0 | C48: =IF($B$18=0,0,$B$18*C6+$C$18*C7+$D$18*C8+$E$18*C9+$F$18*C10+$G$18*C11+$H$18*C12+$I$18*C13+$J$18*C14+$K$18*C15+$L$18*C16+$M$18*C17+$N$18*C18+$O$18*C19+$P$18*C20+$Q$18*C21+$R$18*C22+$S$18*C23+$T$18*C24+$U$18*C25+$V$18*C26+$W$18*C27+$X$18*C28+$Y$18*C29+$Z$18*C30+$AA$18*C31+$AB$18*C32) -> 0 | D48: =IF($B$18=0,0,$B$18*D6+$C$18*D7+$D$18*D8+$E$18*D9+$F$18*D10+$G$18*D11+$H$18*D12+$I$18*D13+$J$18*D14+$K$18*D15+$L$18*D16+$M$18*D17+$N$18*D18+$O$18*D19+$P$18*D20+$Q$18*D21+$R$18*D22+$S$18*D23+$T$18*D24+$U$18*D25+$V$18*D26+$W$18*D27+$X$18*D28+$Y$18*D29+$Z$18*D30+$AA$18*D31+$AB$18*D32) -> 0 | E48: =IF($B$18=0,0,$B$18*E6+$C$18*E7+$D$18*E8+$E$18*E9+$F$18*E10+$G$18*E11+$H$18*E12+$I$18*E13+$J$18*E14+$K$18*E15+$L$18*E16+$M$18*E17+$N$18*E18+$O$18*E19+$P$18*E20+$Q$18*E21+$R$18*E22+$S$18*E23+$T$18*E24+$U$18*E25+$V$18*E26+$W$18*E27+$X$18*E28+$Y$18*E29+$Z$18*E30+$AA$18*E31+$AB$18*E32) -> 0 | F48: =IF($B$18=0,0,$B$18*F6+$C$18*F7+$D$18*F8+$E$18*F9+$F$18*F10+$G$18*F11+$H$18*F12+$I$18*F13+$J$18*F14+$K$18*F15+$L$18*F16+$M$18*F17+$N$18*F18+$O$18*F19+$P$18*F20+$Q$18*F21+$R$18*F22+$S$18*F23+$T$18*F24+$U$18*F25+$V$18*F26+$W$18*F27+$X$18*F28+$Y$18*F29+$Z$18*F30+$AA$18*F31+$AB$18*F32) -> 0 | G48: =IF($B$18=0,0,$B$18*G6+$C$18*G7+$D$18*G8+$E$18*G9+$F$18*G10+$G$18*G11+$H$18*G12+$I$18*G13+$J$18*G14+$K$18*G15+$L$18*G16+$M$18*G17+$N$18*G18+$O$18*G19+$P$18*G20+$Q$18*G21+$R$18*G22+$S$18*G23+$T$18*G24+$U$18*G25+$V$18*G26+$W$18*G27+$X$18*G28+$Y$18*G29+$Z$18*G30+$AA$18*G31+$AB$18*G32) -> 0 | H48: =IF($B$18=0,0,$B$18*H6+$C$18*H7+$D$18*H8+$E$18*H9+$F$18*H10+$G$18*H11+$H$18*H12+$I$18*H13+$J$18*H14+$K$18*H15+$L$18*H16+$M$18*H17+$N$18*H18+$O$18*H19+$P$18*H20+$Q$18*H21+$R$18*H22+$S$18*H23+$T$18*H24+$U$18*H25+$V$18*H26+$W$18*H27+$X$18*H28+$Y$18*H29+$Z$18*H30+$AA$18*H31+$AB$18*H32) -> 0 | I48: =IF($B$18=0,0,$B$18*I6+$C$18*I7+$D$18*I8+$E$18*I9+$F$18*I10+$G$18*I11+$H$18*I12+$I$18*I13+$J$18*I14+$K$18*I15+$L$18*I16+$M$18*I17+$N$18*I18+$O$18*I19+$P$18*I20+$Q$18*I21+$R$18*I22+$S$18*I23+$T$18*I24+$U$18*I25+$V$18*I26+$W$18*I27+$X$18*I28+$Y$18*I29+$Z$18*I30+$AA$18*I31+$AB$18*I32) -> 0 | ... AB48: =IF($B$18=0,0,$B$18*AB6+$C$18*AB7+$D$18*AB8+$E$18*AB9+$F$18*AB10+$G$18*AB11+$H$18*AB12+$I$18*AB13+$J$18*AB14+$K$18*AB15+$L$18*AB16+$M$18*AB17+$N$18*AB18+$O$18*AB19+$P$18*AB20+$Q$18*AB21+$R$18*AB22+$S$18*AB23+$T$18*AB24+$U$18*AB25+$V$18*AB26+$W$18*AB27+$X$18*AB28+$Y$18*AB29+$Z$18*AB30+$AA$18*AB31+$AB$18*AB32) -> 0 | AC48: =SUM(B48:AB48) -> 0 | AD48: =AC48/$AC$63 -> 0
B49: =IF($B$19=0,0,$B$19*B6+$C$19*B7+$D$19*B8+$E$19*B9+$F$19*B10+$G$19*B11+$H$19*B12+$I$19*B13+$J$19*B14+$K$19*B15+$L$19*B16+$M$19*B17+$N$19*B18+$O$19*B19+$P$19*B20+$Q$19*B21+$R$19*B22+$S$19*B23+$T$19*B24+$U$19*B25+$V$19*B26+$W$19*B27+$X$19*B28+$Y$19*B29+$Z$19*B30+$AA$19*B31+$AB$19*B32) -> 0 | C49: =IF($B$19=0,0,$B$19*C6+$C$19*C7+$D$19*C8+$E$19*C9+$F$19*C10+$G$19*C11+$H$19*C12+$I$19*C13+$J$19*C14+$K$19*C15+$L$19*C16+$M$19*C17+$N$19*C18+$O$19*C19+$P$19*C20+$Q$19*C21+$R$19*C22+$S$19*C23+$T$19*C24+$U$19*C25+$V$19*C26+$W$19*C27+$X$19*C28+$Y$19*C29+$Z$19*C30+$AA$19*C31+$AB$19*C32) -> 0 | D49: =IF($B$19=0,0,$B$19*D6+$C$19*D7+$D$19*D8+$E$19*D9+$F$19*D10+$G$19*D11+$H$19*D12+$I$19*D13+$J$19*D14+$K$19*D15+$L$19*D16+$M$19*D17+$N$19*D18+$O$19*D19+$P$19*D20+$Q$19*D21+$R$19*D22+$S$19*D23+$T$19*D24+$U$19*D25+$V$19*D26+$W$19*D27+$X$19*D28+$Y$19*D29+$Z$19*D30+$AA$19*D31+$AB$19*D32) -> 0 | E49: =IF($B$19=0,0,$B$19*E6+$C$19*E7+$D$19*E8+$E$19*E9+$F$19*E10+$G$19*E11+$H$19*E12+$I$19*E13+$J$19*E14+$K$19*E15+$L$19*E16+$M$19*E17+$N$19*E18+$O$19*E19+$P$19*E20+$Q$19*E21+$R$19*E22+$S$19*E23+$T$19*E24+$U$19*E25+$V$19*E26+$W$19*E27+$X$19*E28+$Y$19*E29+$Z$19*E30+$AA$19*E31+$AB$19*E32) -> 0 | F49: =IF($B$19=0,0,$B$19*F6+$C$19*F7+$D$19*F8+$E$19*F9+$F$19*F10+$G$19*F11+$H$19*F12+$I$19*F13+$J$19*F14+$K$19*F15+$L$19*F16+$M$19*F17+$N$19*F18+$O$19*F19+$P$19*F20+$Q$19*F21+$R$19*F22+$S$19*F23+$T$19*F24+$U$19*F25+$V$19*F26+$W$19*F27+$X$19*F28+$Y$19*F29+$Z$19*F30+$AA$19*F31+$AB$19*F32) -> 0 | G49: =IF($B$19=0,0,$B$19*G6+$C$19*G7+$D$19*G8+$E$19*G9+$F$19*G10+$G$19*G11+$H$19*G12+$I$19*G13+$J$19*G14+$K$19*G15+$L$19*G16+$M$19*G17+$N$19*G18+$O$19*G19+$P$19*G20+$Q$19*G21+$R$19*G22+$S$19*G23+$T$19*G24+$U$19*G25+$V$19*G26+$W$19*G27+$X$19*G28+$Y$19*G29+$Z$19*G30+$AA$19*G31+$AB$19*G32) -> 0 | H49: =IF($B$19=0,0,$B$19*H6+$C$19*H7+$D$19*H8+$E$19*H9+$F$19*H10+$G$19*H11+$H$19*H12+$I$19*H13+$J$19*H14+$K$19*H15+$L$19*H16+$M$19*H17+$N$19*H18+$O$19*H19+$P$19*H20+$Q$19*H21+$R$19*H22+$S$19*H23+$T$19*H24+$U$19*H25+$V$19*H26+$W$19*H27+$X$19*H28+$Y$19*H29+$Z$19*H30+$AA$19*H31+$AB$19*H32) -> 0 | I49: =IF($B$19=0,0,$B$19*I6+$C$19*I7+$D$19*I8+$E$19*I9+$F$19*I10+$G$19*I11+$H$19*I12+$I$19*I13+$J$19*I14+$K$19*I15+$L$19*I16+$M$19*I17+$N$19*I18+$O$19*I19+$P$19*I20+$Q$19*I21+$R$19*I22+$S$19*I23+$T$19*I24+$U$19*I25+$V$19*I26+$W$19*I27+$X$19*I28+$Y$19*I29+$Z$19*I30+$AA$19*I31+$AB$19*I32) -> 0 | ... AB49: =IF($B$19=0,0,$B$19*AB6+$C$19*AB7+$D$19*AB8+$E$19*AB9+$F$19*AB10+$G$19*AB11+$H$19*AB12+$I$19*AB13+$J$19*AB14+$K$19*AB15+$L$19*AB16+$M$19*AB17+$N$19*AB18+$O$19*AB19+$P$19*AB20+$Q$19*AB21+$R$19*AB22+$S$19*AB23+$T$19*AB24+$U$19*AB25+$V$19*AB26+$W$19*AB27+$X$19*AB28+$Y$19*AB29+$Z$19*AB30+$AA$19*AB31+$AB$19*AB32) -> 0 | AC49: =SUM(B49:AB49) -> 0 | AD49: =AC49/$AC$63 -> 0
B50: =IF($B$20=0,0,$B$20*B6+$C$20*B7+$D$20*B8+$E$20*B9+$F$20*B10+$G$20*B11+$H$20*B12+$I$20*B13+$J$20*B14+$K$20*B15+$L$20*B16+$M$20*B17+$N$20*B18+$O$20*B19+$P$20*B20+$Q$20*B21+$R$20*B22+$S$20*B23+$T$20*B24+$U$20*B25+$V$20*B26+$W$20*B27+$X$20*B28+$Y$20*B29+$Z$20*B30+$AA$20*B31+$AB$20*B32) -> 0 | C50: =IF($B$20=0,0,$B$20*C6+$C$20*C7+$D$20*C8+$E$20*C9+$F$20*C10+$G$20*C11+$H$20*C12+$I$20*C13+$J$20*C14+$K$20*C15+$L$20*C16+$M$20*C17+$N$20*C18+$O$20*C19+$P$20*C20+$Q$20*C21+$R$20*C22+$S$20*C23+$T$20*C24+$U$20*C25+$V$20*C26+$W$20*C27+$X$20*C28+$Y$20*C29+$Z$20*C30+$AA$20*C31+$AB$20*C32) -> 0 | D50: =IF($B$20=0,0,$B$20*D6+$C$20*D7+$D$20*D8+$E$20*D9+$F$20*D10+$G$20*D11+$H$20*D12+$I$20*D13+$J$20*D14+$K$20*D15+$L$20*D16+$M$20*D17+$N$20*D18+$O$20*D19+$P$20*D20+$Q$20*D21+$R$20*D22+$S$20*D23+$T$20*D24+$U$20*D25+$V$20*D26+$W$20*D27+$X$20*D28+$Y$20*D29+$Z$20*D30+$AA$20*D31+$AB$20*D32) -> 0 | E50: =IF($B$20=0,0,$B$20*E6+$C$20*E7+$D$20*E8+$E$20*E9+$F$20*E10+$G$20*E11+$H$20*E12+$I$20*E13+$J$20*E14+$K$20*E15+$L$20*E16+$M$20*E17+$N$20*E18+$O$20*E19+$P$20*E20+$Q$20*E21+$R$20*E22+$S$20*E23+$T$20*E24+$U$20*E25+$V$20*E26+$W$20*E27+$X$20*E28+$Y$20*E29+$Z$20*E30+$AA$20*E31+$AB$20*E32) -> 0 | F50: =IF($B$20=0,0,$B$20*F6+$C$20*F7+$D$20*F8+$E$20*F9+$F$20*F10+$G$20*F11+$H$20*F12+$I$20*F13+$J$20*F14+$K$20*F15+$L$20*F16+$M$20*F17+$N$20*F18+$O$20*F19+$P$20*F20+$Q$20*F21+$R$20*F22+$S$20*F23+$T$20*F24+$U$20*F25+$V$20*F26+$W$20*F27+$X$20*F28+$Y$20*F29+$Z$20*F30+$AA$20*F31+$AB$20*F32) -> 0 | G50: =IF($B$20=0,0,$B$20*G6+$C$20*G7+$D$20*G8+$E$20*G9+$F$20*G10+$G$20*G11+$H$20*G12+$I$20*G13+$J$20*G14+$K$20*G15+$L$20*G16+$M$20*G17+$N$20*G18+$O$20*G19+$P$20*G20+$Q$20*G21+$R$20*G22+$S$20*G23+$T$20*G24+$U$20*G25+$V$20*G26+$W$20*G27+$X$20*G28+$Y$20*G29+$Z$20*G30+$AA$20*G31+$AB$20*G32) -> 0 | H50: =IF($B$20=0,0,$B$20*H6+$C$20*H7+$D$20*H8+$E$20*H9+$F$20*H10+$G$20*H11+$H$20*H12+$I$20*H13+$J$20*H14+$K$20*H15+$L$20*H16+$M$20*H17+$N$20*H18+$O$20*H19+$P$20*H20+$Q$20*H21+$R$20*H22+$S$20*H23+$T$20*H24+$U$20*H25+$V$20*H26+$W$20*H27+$X$20*H28+$Y$20*H29+$Z$20*H30+$AA$20*H31+$AB$20*H32) -> 0 | I50: =IF($B$20=0,0,$B$20*I6+$C$20*I7+$D$20*I8+$E$20*I9+$F$20*I10+$G$20*I11+$H$20*I12+$I$20*I13+$J$20*I14+$K$20*I15+$L$20*I16+$M$20*I17+$N$20*I18+$O$20*I19+$P$20*I20+$Q$20*I21+$R$20*I22+$S$20*I23+$T$20*I24+$U$20*I25+$V$20*I26+$W$20*I27+$X$20*I28+$Y$20*I29+$Z$20*I30+$AA$20*I31+$AB$20*I32) -> 0 | ... AB50: =IF($B$20=0,0,$B$20*AB6+$C$20*AB7+$D$20*AB8+$E$20*AB9+$F$20*AB10+$G$20*AB11+$H$20*AB12+$I$20*AB13+$J$20*AB14+$K$20*AB15+$L$20*AB16+$M$20*AB17+$N$20*AB18+$O$20*AB19+$P$20*AB20+$Q$20*AB21+$R$20*AB22+$S$20*AB23+$T$20*AB24+$U$20*AB25+$V$20*AB26+$W$20*AB27+$X$20*AB28+$Y$20*AB29+$Z$20*AB30+$AA$20*AB31+$AB$20*AB32) -> 0 | AC50: =SUM(B50:AB50) -> 0 | AD50: =AC50/$AC$63 -> 0
B51: =IF($B$21=0,0,$B$21*B6+$C$21*B7+$D$21*B8+$E$21*B9+$F$21*B10+$G$21*B11+$H$21*B12+$I$21*B13+$J$21*B14+$K$21*B15+$L$21*B16+$M$21*B17+$N$21*B18+$O$21*B19+$P$21*B20+$Q$21*B21+$R$21*B22+$S$21*B23+$T$21*B24+$U$21*B25+$V$21*B26+$W$21*B27+$X$21*B28+$Y$21*B29+$Z$21*B30+$AA$21*B31+$AB$21*B32) -> 0 | C51: =IF($B$21=0,0,$B$21*C6+$C$21*C7+$D$21*C8+$E$21*C9+$F$21*C10+$G$21*C11+$H$21*C12+$I$21*C13+$J$21*C14+$K$21*C15+$L$21*C16+$M$21*C17+$N$21*C18+$O$21*C19+$P$21*C20+$Q$21*C21+$R$21*C22+$S$21*C23+$T$21*C24+$U$21*C25+$V$21*C26+$W$21*C27+$X$21*C28+$Y$21*C29+$Z$21*C30+$AA$21*C31+$AB$21*C32) -> 0 | D51: =IF($B$21=0,0,$B$21*D6+$C$21*D7+$D$21*D8+$E$21*D9+$F$21*D10+$G$21*D11+$H$21*D12+$I$21*D13+$J$21*D14+$K$21*D15+$L$21*D16+$M$21*D17+$N$21*D18+$O$21*D19+$P$21*D20+$Q$21*D21+$R$21*D22+$S$21*D23+$T$21*D24+$U$21*D25+$V$21*D26+$W$21*D27+$X$21*D28+$Y$21*D29+$Z$21*D30+$AA$21*D31+$AB$21*D32) -> 0 | E51: =IF($B$21=0,0,$B$21*E6+$C$21*E7+$D$21*E8+$E$21*E9+$F$21*E10+$G$21*E11+$H$21*E12+$I$21*E13+$J$21*E14+$K$21*E15+$L$21*E16+$M$21*E17+$N$21*E18+$O$21*E19+$P$21*E20+$Q$21*E21+$R$21*E22+$S$21*E23+$T$21*E24+$U$21*E25+$V$21*E26+$W$21*E27+$X$21*E28+$Y$21*E29+$Z$21*E30+$AA$21*E31+$AB$21*E32) -> 0 | F51: =IF($B$21=0,0,$B$21*F6+$C$21*F7+$D$21*F8+$E$21*F9+$F$21*F10+$G$21*F11+$H$21*F12+$I$21*F13+$J$21*F14+$K$21*F15+$L$21*F16+$M$21*F17+$N$21*F18+$O$21*F19+$P$21*F20+$Q$21*F21+$R$21*F22+$S$21*F23+$T$21*F24+$U$21*F25+$V$21*F26+$W$21*F27+$X$21*F28+$Y$21*F29+$Z$21*F30+$AA$21*F31+$AB$21*F32) -> 0 | G51: =IF($B$21=0,0,$B$21*G6+$C$21*G7+$D$21*G8+$E$21*G9+$F$21*G10+$G$21*G11+$H$21*G12+$I$21*G13+$J$21*G14+$K$21*G15+$L$21*G16+$M$21*G17+$N$21*G18+$O$21*G19+$P$21*G20+$Q$21*G21+$R$21*G22+$S$21*G23+$T$21*G24+$U$21*G25+$V$21*G26+$W$21*G27+$X$21*G28+$Y$21*G29+$Z$21*G30+$AA$21*G31+$AB$21*G32) -> 0 | H51: =IF($B$21=0,0,$B$21*H6+$C$21*H7+$D$21*H8+$E$21*H9+$F$21*H10+$G$21*H11+$H$21*H12+$I$21*H13+$J$21*H14+$K$21*H15+$L$21*H16+$M$21*H17+$N$21*H18+$O$21*H19+$P$21*H20+$Q$21*H21+$R$21*H22+$S$21*H23+$T$21*H24+$U$21*H25+$V$21*H26+$W$21*H27+$X$21*H28+$Y$21*H29+$Z$21*H30+$AA$21*H31+$AB$21*H32) -> 0 | I51: =IF($B$21=0,0,$B$21*I6+$C$21*I7+$D$21*I8+$E$21*I9+$F$21*I10+$G$21*I11+$H$21*I12+$I$21*I13+$J$21*I14+$K$21*I15+$L$21*I16+$M$21*I17+$N$21*I18+$O$21*I19+$P$21*I20+$Q$21*I21+$R$21*I22+$S$21*I23+$T$21*I24+$U$21*I25+$V$21*I26+$W$21*I27+$X$21*I28+$Y$21*I29+$Z$21*I30+$AA$21*I31+$AB$21*I32) -> 0 | ... AB51: =IF($B$21=0,0,$B$21*AB6+$C$21*AB7+$D$21*AB8+$E$21*AB9+$F$21*AB10+$G$21*AB11+$H$21*AB12+$I$21*AB13+$J$21*AB14+$K$21*AB15+$L$21*AB16+$M$21*AB17+$N$21*AB18+$O$21*AB19+$P$21*AB20+$Q$21*AB21+$R$21*AB22+$S$21*AB23+$T$21*AB24+$U$21*AB25+$V$21*AB26+$W$21*AB27+$X$21*AB28+$Y$21*AB29+$Z$21*AB30+$AA$21*AB31+$AB$21*AB32) -> 0 | AC51: =SUM(B51:AB51) -> 0 | AD51: =AC51/$AC$63 -> 0
B52: =IF($B$22=0,0,$B$22*B6+$C$22*B7+$D$22*B8+$E$22*B9+$F$22*B10+$G$22*B11+$H$22*B12+$I$22*B13+$J$22*B14+$K$22*B15+$L$22*B16+$M$22*B17+$N$22*B18+$O$22*B19+$P$22*B20+$Q$22*B21+$R$22*B22+$S$22*B23+$T$22*B24+$U$22*B25+$V$22*B26+$W$22*B27+$X$22*B28+$Y$22*B29+$Z$22*B30+$AA$22*B31+$AB$22*B32) -> 0 | C52: =IF($B$22=0,0,$B$22*C6+$C$22*C7+$D$22*C8+$E$22*C9+$F$22*C10+$G$22*C11+$H$22*C12+$I$22*C13+$J$22*C14+$K$22*C15+$L$22*C16+$M$22*C17+$N$22*C18+$O$22*C19+$P$22*C20+$Q$22*C21+$R$22*C22+$S$22*C23+$T$22*C24+$U$22*C25+$V$22*C26+$W$22*C27+$X$22*C28+$Y$22*C29+$Z$22*C30+$AA$22*C31+$AB$22*C32) -> 0 | D52: =IF($B$22=0,0,$B$22*D6+$C$22*D7+$D$22*D8+$E$22*D9+$F$22*D10+$G$22*D11+$H$22*D12+$I$22*D13+$J$22*D14+$K$22*D15+$L$22*D16+$M$22*D17+$N$22*D18+$O$22*D19+$P$22*D20+$Q$22*D21+$R$22*D22+$S$22*D23+$T$22*D24+$U$22*D25+$V$22*D26+$W$22*D27+$X$22*D28+$Y$22*D29+$Z$22*D30+$AA$22*D31+$AB$22*D32) -> 0 | E52: =IF($B$22=0,0,$B$22*E6+$C$22*E7+$D$22*E8+$E$22*E9+$F$22*E10+$G$22*E11+$H$22*E12+$I$22*E13+$J$22*E14+$K$22*E15+$L$22*E16+$M$22*E17+$N$22*E18+$O$22*E19+$P$22*E20+$Q$22*E21+$R$22*E22+$S$22*E23+$T$22*E24+$U$22*E25+$V$22*E26+$W$22*E27+$X$22*E28+$Y$22*E29+$Z$22*E30+$AA$22*E31+$AB$22*E32) -> 0 | F52: =IF($B$22=0,0,$B$22*F6+$C$22*F7+$D$22*F8+$E$22*F9+$F$22*F10+$G$22*F11+$H$22*F12+$I$22*F13+$J$22*F14+$K$22*F15+$L$22*F16+$M$22*F17+$N$22*F18+$O$22*F19+$P$22*F20+$Q$22*F21+$R$22*F22+$S$22*F23+$T$22*F24+$U$22*F25+$V$22*F26+$W$22*F27+$X$22*F28+$Y$22*F29+$Z$22*F30+$AA$22*F31+$AB$22*F32) -> 0 | G52: =IF($B$22=0,0,$B$22*G6+$C$22*G7+$D$22*G8+$E$22*G9+$F$22*G10+$G$22*G11+$H$22*G12+$I$22*G13+$J$22*G14+$K$22*G15+$L$22*G16+$M$22*G17+$N$22*G18+$O$22*G19+$P$22*G20+$Q$22*G21+$R$22*G22+$S$22*G23+$T$22*G24+$U$22*G25+$V$22*G26+$W$22*G27+$X$22*G28+$Y$22*G29+$Z$22*G30+$AA$22*G31+$AB$22*G32) -> 0 | H52: =IF($B$22=0,0,$B$22*H6+$C$22*H7+$D$22*H8+$E$22*H9+$F$22*H10+$G$22*H11+$H$22*H12+$I$22*H13+$J$22*H14+$K$22*H15+$L$22*H16+$M$22*H17+$N$22*H18+$O$22*H19+$P$22*H20+$Q$22*H21+$R$22*H22+$S$22*H23+$T$22*H24+$U$22*H25+$V$22*H26+$W$22*H27+$X$22*H28+$Y$22*H29+$Z$22*H30+$AA$22*H31+$AB$22*H32) -> 0 | I52: =IF($B$22=0,0,$B$22*I6+$C$22*I7+$D$22*I8+$E$22*I9+$F$22*I10+$G$22*I11+$H$22*I12+$I$22*I13+$J$22*I14+$K$22*I15+$L$22*I16+$M$22*I17+$N$22*I18+$O$22*I19+$P$22*I20+$Q$22*I21+$R$22*I22+$S$22*I23+$T$22*I24+$U$22*I25+$V$22*I26+$W$22*I27+$X$22*I28+$Y$22*I29+$Z$22*I30+$AA$22*I31+$AB$22*I32) -> 0 | ... AB52: =IF($B$22=0,0,$B$22*AB6+$C$22*AB7+$D$22*AB8+$E$22*AB9+$F$22*AB10+$G$22*AB11+$H$22*AB12+$I$22*AB13+$J$22*AB14+$K$22*AB15+$L$22*AB16+$M$22*AB17+$N$22*AB18+$O$22*AB19+$P$22*AB20+$Q$22*AB21+$R$22*AB22+$S$22*AB23+$T$22*AB24+$U$22*AB25+$V$22*AB26+$W$22*AB27+$X$22*AB28+$Y$22*AB29+$Z$22*AB30+$AA$22*AB31+$AB$22*AB32) -> 0 | AC52: =SUM(B52:AB52) -> 0 | AD52: =AC52/$AC$63 -> 0
B53: =IF($B$23=0,0,$B$23*B6+$C$23*B7+$D$23*B8+$E$23*B9+$F$23*B10+$G$23*B11+$H$23*B12+$I$23*B13+$J$23*B14+$K$23*B15+$L$23*B16+$M$23*B17+$N$23*B18+$O$23*B19+$P$23*B20+$Q$23*B21+$R$23*B22+$S$23*B23+$T$23*B24+$U$23*B25+$V$23*B26+$W$23*B27+$X$23*B28+$Y$23*B29+$Z$23*B30+$AA$23*B31+$AB$23*B32) -> 0 | C53: =IF($B$23=0,0,$B$23*C6+$C$23*C7+$D$23*C8+$E$23*C9+$F$23*C10+$G$23*C11+$H$23*C12+$I$23*C13+$J$23*C14+$K$23*C15+$L$23*C16+$M$23*C17+$N$23*C18+$O$23*C19+$P$23*C20+$Q$23*C21+$R$23*C22+$S$23*C23+$T$23*C24+$U$23*C25+$V$23*C26+$W$23*C27+$X$23*C28+$Y$23*C29+$Z$23*C30+$AA$23*C31+$AB$23*C32) -> 0 | D53: =IF($B$23=0,0,$B$23*D6+$C$23*D7+$D$23*D8+$E$23*D9+$F$23*D10+$G$23*D11+$H$23*D12+$I$23*D13+$J$23*D14+$K$23*D15+$L$23*D16+$M$23*D17+$N$23*D18+$O$23*D19+$P$23*D20+$Q$23*D21+$R$23*D22+$S$23*D23+$T$23*D24+$U$23*D25+$V$23*D26+$W$23*D27+$X$23*D28+$Y$23*D29+$Z$23*D30+$AA$23*D31+$AB$23*D32) -> 0 | E53: =IF($B$23=0,0,$B$23*E6+$C$23*E7+$D$23*E8+$E$23*E9+$F$23*E10+$G$23*E11+$H$23*E12+$I$23*E13+$J$23*E14+$K$23*E15+$L$23*E16+$M$23*E17+$N$23*E18+$O$23*E19+$P$23*E20+$Q$23*E21+$R$23*E22+$S$23*E23+$T$23*E24+$U$23*E25+$V$23*E26+$W$23*E27+$X$23*E28+$Y$23*E29+$Z$23*E30+$AA$23*E31+$AB$23*E32) -> 0 | F53: =IF($B$23=0,0,$B$23*F6+$C$23*F7+$D$23*F8+$E$23*F9+$F$23*F10+$G$23*F11+$H$23*F12+$I$23*F13+$J$23*F14+$K$23*F15+$L$23*F16+$M$23*F17+$N$23*F18+$O$23*F19+$P$23*F20+$Q$23*F21+$R$23*F22+$S$23*F23+$T$23*F24+$U$23*F25+$V$23*F26+$W$23*F27+$X$23*F28+$Y$23*F29+$Z$23*F30+$AA$23*F31+$AB$23*F32) -> 0 | G53: =IF($B$23=0,0,$B$23*G6+$C$23*G7+$D$23*G8+$E$23*G9+$F$23*G10+$G$23*G11+$H$23*G12+$I$23*G13+$J$23*G14+$K$23*G15+$L$23*G16+$M$23*G17+$N$23*G18+$O$23*G19+$P$23*G20+$Q$23*G21+$R$23*G22+$S$23*G23+$T$23*G24+$U$23*G25+$V$23*G26+$W$23*G27+$X$23*G28+$Y$23*G29+$Z$23*G30+$AA$23*G31+$AB$23*G32) -> 0 | H53: =IF($B$23=0,0,$B$23*H6+$C$23*H7+$D$23*H8+$E$23*H9+$F$23*H10+$G$23*H11+$H$23*H12+$I$23*H13+$J$23*H14+$K$23*H15+$L$23*H16+$M$23*H17+$N$23*H18+$O$23*H19+$P$23*H20+$Q$23*H21+$R$23*H22+$S$23*H23+$T$23*H24+$U$23*H25+$V$23*H26+$W$23*H27+$X$23*H28+$Y$23*H29+$Z$23*H30+$AA$23*H31+$AB$23*H32) -> 0 | I53: =IF($B$23=0,0,$B$23*I6+$C$23*I7+$D$23*I8+$E$23*I9+$F$23*I10+$G$23*I11+$H$23*I12+$I$23*I13+$J$23*I14+$K$23*I15+$L$23*I16+$M$23*I17+$N$23*I18+$O$23*I19+$P$23*I20+$Q$23*I21+$R$23*I22+$S$23*I23+$T$23*I24+$U$23*I25+$V$23*I26+$W$23*I27+$X$23*I28+$Y$23*I29+$Z$23*I30+$AA$23*I31+$AB$23*I32) -> 0 | ... AB53: =IF($B$23=0,0,$B$23*AB6+$C$23*AB7+$D$23*AB8+$E$23*AB9+$F$23*AB10+$G$23*AB11+$H$23*AB12+$I$23*AB13+$J$23*AB14+$K$23*AB15+$L$23*AB16+$M$23*AB17+$N$23*AB18+$O$23*AB19+$P$23*AB20+$Q$23*AB21+$R$23*AB22+$S$23*AB23+$T$23*AB24+$U$23*AB25+$V$23*AB26+$W$23*AB27+$X$23*AB28+$Y$23*AB29+$Z$23*AB30+$AA$23*AB31+$AB$23*AB32) -> 0 | AC53: =SUM(B53:AB53) -> 0 | AD53: =AC53/$AC$63 -> 0
B54: =IF($B$24=0,0,$B$24*B6+$C$24*B7+$D$24*B8+$E$24*B9+$F$24*B10+$G$24*B11+$H$24*B12+$I$24*B13+$J$24*B14+$K$24*B15+$L$24*B16+$M$24*B17+$N$24*B18+$O$24*B19+$P$24*B20+$Q$24*B21+$R$24*B22+$S$24*B23+$T$24*B24+$U$24*B25+$V$24*B26+$W$24*B27+$X$24*B28+$Y$24*B29+$Z$24*B30+$AA$24*B31+$AB$24*B32) -> 0 | C54: =IF($B$24=0,0,$B$24*C6+$C$24*C7+$D$24*C8+$E$24*C9+$F$24*C10+$G$24*C11+$H$24*C12+$I$24*C13+$J$24*C14+$K$24*C15+$L$24*C16+$M$24*C17+$N$24*C18+$O$24*C19+$P$24*C20+$Q$24*C21+$R$24*C22+$S$24*C23+$T$24*C24+$U$24*C25+$V$24*C26+$W$24*C27+$X$24*C28+$Y$24*C29+$Z$24*C30+$AA$24*C31+$AB$24*C32) -> 0 | D54: =IF($B$24=0,0,$B$24*D6+$C$24*D7+$D$24*D8+$E$24*D9+$F$24*D10+$G$24*D11+$H$24*D12+$I$24*D13+$J$24*D14+$K$24*D15+$L$24*D16+$M$24*D17+$N$24*D18+$O$24*D19+$P$24*D20+$Q$24*D21+$R$24*D22+$S$24*D23+$T$24*D24+$U$24*D25+$V$24*D26+$W$24*D27+$X$24*D28+$Y$24*D29+$Z$24*D30+$AA$24*D31+$AB$24*D32) -> 0 | E54: =IF($B$24=0,0,$B$24*E6+$C$24*E7+$D$24*E8+$E$24*E9+$F$24*E10+$G$24*E11+$H$24*E12+$I$24*E13+$J$24*E14+$K$24*E15+$L$24*E16+$M$24*E17+$N$24*E18+$O$24*E19+$P$24*E20+$Q$24*E21+$R$24*E22+$S$24*E23+$T$24*E24+$U$24*E25+$V$24*E26+$W$24*E27+$X$24*E28+$Y$24*E29+$Z$24*E30+$AA$24*E31+$AB$24*E32) -> 0 | F54: =IF($B$24=0,0,$B$24*F6+$C$24*F7+$D$24*F8+$E$24*F9+$F$24*F10+$G$24*F11+$H$24*F12+$I$24*F13+$J$24*F14+$K$24*F15+$L$24*F16+$M$24*F17+$N$24*F18+$O$24*F19+$P$24*F20+$Q$24*F21+$R$24*F22+$S$24*F23+$T$24*F24+$U$24*F25+$V$24*F26+$W$24*F27+$X$24*F28+$Y$24*F29+$Z$24*F30+$AA$24*F31+$AB$24*F32) -> 0 | G54: =IF($B$24=0,0,$B$24*G6+$C$24*G7+$D$24*G8+$E$24*G9+$F$24*G10+$G$24*G11+$H$24*G12+$I$24*G13+$J$24*G14+$K$24*G15+$L$24*G16+$M$24*G17+$N$24*G18+$O$24*G19+$P$24*G20+$Q$24*G21+$R$24*G22+$S$24*G23+$T$24*G24+$U$24*G25+$V$24*G26+$W$24*G27+$X$24*G28+$Y$24*G29+$Z$24*G30+$AA$24*G31+$AB$24*G32) -> 0 | H54: =IF($B$24=0,0,$B$24*H6+$C$24*H7+$D$24*H8+$E$24*H9+$F$24*H10+$G$24*H11+$H$24*H12+$I$24*H13+$J$24*H14+$K$24*H15+$L$24*H16+$M$24*H17+$N$24*H18+$O$24*H19+$P$24*H20+$Q$24*H21+$R$24*H22+$S$24*H23+$T$24*H24+$U$24*H25+$V$24*H26+$W$24*H27+$X$24*H28+$Y$24*H29+$Z$24*H30+$AA$24*H31+$AB$24*H32) -> 0 | I54: =IF($B$24=0,0,$B$24*I6+$C$24*I7+$D$24*I8+$E$24*I9+$F$24*I10+$G$24*I11+$H$24*I12+$I$24*I13+$J$24*I14+$K$24*I15+$L$24*I16+$M$24*I17+$N$24*I18+$O$24*I19+$P$24*I20+$Q$24*I21+$R$24*I22+$S$24*I23+$T$24*I24+$U$24*I25+$V$24*I26+$W$24*I27+$X$24*I28+$Y$24*I29+$Z$24*I30+$AA$24*I31+$AB$24*I32) -> 0 | ... AB54: =IF($B$24=0,0,$B$24*AB6+$C$24*AB7+$D$24*AB8+$E$24*AB9+$F$24*AB10+$G$24*AB11+$H$24*AB12+$I$24*AB13+$J$24*AB14+$K$24*AB15+$L$24*AB16+$M$24*AB17+$N$24*AB18+$O$24*AB19+$P$24*AB20+$Q$24*AB21+$R$24*AB22+$S$24*AB23+$T$24*AB24+$U$24*AB25+$V$24*AB26+$W$24*AB27+$X$24*AB28+$Y$24*AB29+$Z$24*AB30+$AA$24*AB31+$AB$24*AB32) -> 0 | AC54: =SUM(B54:AB54) -> 0 | AD54: =AC54/$AC$63 -> 0
B55: =IF($B$25=0,0,$B$25*B6+$C$25*B7+$D$25*B8+$E$25*B9+$F$25*B10+$G$25*B11+$H$25*B12+$I$25*B13+$J$25*B14+$K$25*B15+$L$25*B16+$M$25*B17+$N$25*B18+$O$25*B19+$P$25*B20+$Q$25*B21+$R$25*B22+$S$25*B23+$T$25*B24+$U$25*B25+$V$25*B26+$W$25*B27+$X$25*B28+$Y$25*B29+$Z$25*B30+$AA$25*B31+$AB$25*B32) -> 0 | C55: =IF($B$25=0,0,$B$25*C6+$C$25*C7+$D$25*C8+$E$25*C9+$F$25*C10+$G$25*C11+$H$25*C12+$I$25*C13+$J$25*C14+$K$25*C15+$L$25*C16+$M$25*C17+$N$25*C18+$O$25*C19+$P$25*C20+$Q$25*C21+$R$25*C22+$S$25*C23+$T$25*C24+$U$25*C25+$V$25*C26+$W$25*C27+$X$25*C28+$Y$25*C29+$Z$25*C30+$AA$25*C31+$AB$25*C32) -> 0 | D55: =IF($B$25=0,0,$B$25*D6+$C$25*D7+$D$25*D8+$E$25*D9+$F$25*D10+$G$25*D11+$H$25*D12+$I$25*D13+$J$25*D14+$K$25*D15+$L$25*D16+$M$25*D17+$N$25*D18+$O$25*D19+$P$25*D20+$Q$25*D21+$R$25*D22+$S$25*D23+$T$25*D24+$U$25*D25+$V$25*D26+$W$25*D27+$X$25*D28+$Y$25*D29+$Z$25*D30+$AA$25*D31+$AB$25*D32) -> 0 | E55: =IF($B$25=0,0,$B$25*E6+$C$25*E7+$D$25*E8+$E$25*E9+$F$25*E10+$G$25*E11+$H$25*E12+$I$25*E13+$J$25*E14+$K$25*E15+$L$25*E16+$M$25*E17+$N$25*E18+$O$25*E19+$P$25*E20+$Q$25*E21+$R$25*E22+$S$25*E23+$T$25*E24+$U$25*E25+$V$25*E26+$W$25*E27+$X$25*E28+$Y$25*E29+$Z$25*E30+$AA$25*E31+$AB$25*E32) -> 0 | F55: =IF($B$25=0,0,$B$25*F6+$C$25*F7+$D$25*F8+$E$25*F9+$F$25*F10+$G$25*F11+$H$25*F12+$I$25*F13+$J$25*F14+$K$25*F15+$L$25*F16+$M$25*F17+$N$25*F18+$O$25*F19+$P$25*F20+$Q$25*F21+$R$25*F22+$S$25*F23+$T$25*F24+$U$25*F25+$V$25*F26+$W$25*F27+$X$25*F28+$Y$25*F29+$Z$25*F30+$AA$25*F31+$AB$25*F32) -> 0 | G55: =IF($B$25=0,0,$B$25*G6+$C$25*G7+$D$25*G8+$E$25*G9+$F$25*G10+$G$25*G11+$H$25*G12+$I$25*G13+$J$25*G14+$K$25*G15+$L$25*G16+$M$25*G17+$N$25*G18+$O$25*G19+$P$25*G20+$Q$25*G21+$R$25*G22+$S$25*G23+$T$25*G24+$U$25*G25+$V$25*G26+$W$25*G27+$X$25*G28+$Y$25*G29+$Z$25*G30+$AA$25*G31+$AB$25*G32) -> 0 | H55: =IF($B$25=0,0,$B$25*H6+$C$25*H7+$D$25*H8+$E$25*H9+$F$25*H10+$G$25*H11+$H$25*H12+$I$25*H13+$J$25*H14+$K$25*H15+$L$25*H16+$M$25*H17+$N$25*H18+$O$25*H19+$P$25*H20+$Q$25*H21+$R$25*H22+$S$25*H23+$T$25*H24+$U$25*H25+$V$25*H26+$W$25*H27+$X$25*H28+$Y$25*H29+$Z$25*H30+$AA$25*H31+$AB$25*H32) -> 0 | I55: =IF($B$25=0,0,$B$25*I6+$C$25*I7+$D$25*I8+$E$25*I9+$F$25*I10+$G$25*I11+$H$25*I12+$I$25*I13+$J$25*I14+$K$25*I15+$L$25*I16+$M$25*I17+$N$25*I18+$O$25*I19+$P$25*I20+$Q$25*I21+$R$25*I22+$S$25*I23+$T$25*I24+$U$25*I25+$V$25*I26+$W$25*I27+$X$25*I28+$Y$25*I29+$Z$25*I30+$AA$25*I31+$AB$25*I32) -> 0 | ... AB55: =IF($B$25=0,0,$B$25*AB6+$C$25*AB7+$D$25*AB8+$E$25*AB9+$F$25*AB10+$G$25*AB11+$H$25*AB12+$I$25*AB13+$J$25*AB14+$K$25*AB15+$L$25*AB16+$M$25*AB17+$N$25*AB18+$O$25*AB19+$P$25*AB20+$Q$25*AB21+$R$25*AB22+$S$25*AB23+$T$25*AB24+$U$25*AB25+$V$25*AB26+$W$25*AB27+$X$25*AB28+$Y$25*AB29+$Z$25*AB30+$AA$25*AB31+$AB$25*AB32) -> 0 | AC55: =SUM(B55:AB55) -> 0 | AD55: =AC55/$AC$63 -> 0
B56: =IF($B$26=0,0,$B$26*B6+$C$26*B7+$D$26*B8+$E$26*B9+$F$26*B10+$G$26*B11+$H$26*B12+$I$26*B13+$J$26*B14+$K$26*B15+$L$26*B16+$M$26*B17+$N$26*B18+$O$26*B19+$P$26*B20+$Q$26*B21+$R$26*B22+$S$26*B23+$T$26*B24+$U$26*B25+$V$26*B26+$W$26*B27+$X$26*B28+$Y$26*B29+$Z$26*B30+$AA$26*B31+$AB$26*B32) -> 0 | C56: =IF($B$26=0,0,$B$26*C6+$C$26*C7+$D$26*C8+$E$26*C9+$F$26*C10+$G$26*C11+$H$26*C12+$I$26*C13+$J$26*C14+$K$26*C15+$L$26*C16+$M$26*C17+$N$26*C18+$O$26*C19+$P$26*C20+$Q$26*C21+$R$26*C22+$S$26*C23+$T$26*C24+$U$26*C25+$V$26*C26+$W$26*C27+$X$26*C28+$Y$26*C29+$Z$26*C30+$AA$26*C31+$AB$26*C32) -> 0 | D56: =IF($B$26=0,0,$B$26*D6+$C$26*D7+$D$26*D8+$E$26*D9+$F$26*D10+$G$26*D11+$H$26*D12+$I$26*D13+$J$26*D14+$K$26*D15+$L$26*D16+$M$26*D17+$N$26*D18+$O$26*D19+$P$26*D20+$Q$26*D21+$R$26*D22+$S$26*D23+$T$26*D24+$U$26*D25+$V$26*D26+$W$26*D27+$X$26*D28+$Y$26*D29+$Z$26*D30+$AA$26*D31+$AB$26*D32) -> 0 | E56: =IF($B$26=0,0,$B$26*E6+$C$26*E7+$D$26*E8+$E$26*E9+$F$26*E10+$G$26*E11+$H$26*E12+$I$26*E13+$J$26*E14+$K$26*E15+$L$26*E16+$M$26*E17+$N$26*E18+$O$26*E19+$P$26*E20+$Q$26*E21+$R$26*E22+$S$26*E23+$T$26*E24+$U$26*E25+$V$26*E26+$W$26*E27+$X$26*E28+$Y$26*E29+$Z$26*E30+$AA$26*E31+$AB$26*E32) -> 0 | F56: =IF($B$26=0,0,$B$26*F6+$C$26*F7+$D$26*F8+$E$26*F9+$F$26*F10+$G$26*F11+$H$26*F12+$I$26*F13+$J$26*F14+$K$26*F15+$L$26*F16+$M$26*F17+$N$26*F18+$O$26*F19+$P$26*F20+$Q$26*F21+$R$26*F22+$S$26*F23+$T$26*F24+$U$26*F25+$V$26*F26+$W$26*F27+$X$26*F28+$Y$26*F29+$Z$26*F30+$AA$26*F31+$AB$26*F32) -> 0 | G56: =IF($B$26=0,0,$B$26*G6+$C$26*G7+$D$26*G8+$E$26*G9+$F$26*G10+$G$26*G11+$H$26*G12+$I$26*G13+$J$26*G14+$K$26*G15+$L$26*G16+$M$26*G17+$N$26*G18+$O$26*G19+$P$26*G20+$Q$26*G21+$R$26*G22+$S$26*G23+$T$26*G24+$U$26*G25+$V$26*G26+$W$26*G27+$X$26*G28+$Y$26*G29+$Z$26*G30+$AA$26*G31+$AB$26*G32) -> 0 | H56: =IF($B$26=0,0,$B$26*H6+$C$26*H7+$D$26*H8+$E$26*H9+$F$26*H10+$G$26*H11+$H$26*H12+$I$26*H13+$J$26*H14+$K$26*H15+$L$26*H16+$M$26*H17+$N$26*H18+$O$26*H19+$P$26*H20+$Q$26*H21+$R$26*H22+$S$26*H23+$T$26*H24+$U$26*H25+$V$26*H26+$W$26*H27+$X$26*H28+$Y$26*H29+$Z$26*H30+$AA$26*H31+$AB$26*H32) -> 0 | I56: =IF($B$26=0,0,$B$26*I6+$C$26*I7+$D$26*I8+$E$26*I9+$F$26*I10+$G$26*I11+$H$26*I12+$I$26*I13+$J$26*I14+$K$26*I15+$L$26*I16+$M$26*I17+$N$26*I18+$O$26*I19+$P$26*I20+$Q$26*I21+$R$26*I22+$S$26*I23+$T$26*I24+$U$26*I25+$V$26*I26+$W$26*I27+$X$26*I28+$Y$26*I29+$Z$26*I30+$AA$26*I31+$AB$26*I32) -> 0 | ... AB56: =IF($B$26=0,0,$B$26*AB6+$C$26*AB7+$D$26*AB8+$E$26*AB9+$F$26*AB10+$G$26*AB11+$H$26*AB12+$I$26*AB13+$J$26*AB14+$K$26*AB15+$L$26*AB16+$M$26*AB17+$N$26*AB18+$O$26*AB19+$P$26*AB20+$Q$26*AB21+$R$26*AB22+$S$26*AB23+$T$26*AB24+$U$26*AB25+$V$26*AB26+$W$26*AB27+$X$26*AB28+$Y$26*AB29+$Z$26*AB30+$AA$26*AB31+$AB$26*AB32) -> 0 | AC56: =SUM(B56:AB56) -> 0 | AD56: =AC56/$AC$63 -> 0
B57: =IF($B$27=0,0,$B$27*B6+$C$27*B7+$D$27*B8+$E$27*B9+$F$27*B10+$G$27*B11+$H$27*B12+$I$27*B13+$J$27*B14+$K$27*B15+$L$27*B16+$M$27*B17+$N$27*B18+$O$27*B19+$P$27*B20+$Q$27*B21+$R$27*B22+$S$27*B23+$T$27*B24+$U$27*B25+$V$27*B26+$W$27*B27+$X$27*B28+$Y$27*B29+$Z$27*B30+$AA$27*B31+$AB$27*B32) -> 0 | C57: =IF($B$27=0,0,$B$27*C6+$C$27*C7+$D$27*C8+$E$27*C9+$F$27*C10+$G$27*C11+$H$27*C12+$I$27*C13+$J$27*C14+$K$27*C15+$L$27*C16+$M$27*C17+$N$27*C18+$O$27*C19+$P$27*C20+$Q$27*C21+$R$27*C22+$S$27*C23+$T$27*C24+$U$27*C25+$V$27*C26+$W$27*C27+$X$27*C28+$Y$27*C29+$Z$27*C30+$AA$27*C31+$AB$27*C32) -> 0 | D57: =IF($B$27=0,0,$B$27*D6+$C$27*D7+$D$27*D8+$E$27*D9+$F$27*D10+$G$27*D11+$H$27*D12+$I$27*D13+$J$27*D14+$K$27*D15+$L$27*D16+$M$27*D17+$N$27*D18+$O$27*D19+$P$27*D20+$Q$27*D21+$R$27*D22+$S$27*D23+$T$27*D24+$U$27*D25+$V$27*D26+$W$27*D27+$X$27*D28+$Y$27*D29+$Z$27*D30+$AA$27*D31+$AB$27*D32) -> 0 | E57: =IF($B$27=0,0,$B$27*E6+$C$27*E7+$D$27*E8+$E$27*E9+$F$27*E10+$G$27*E11+$H$27*E12+$I$27*E13+$J$27*E14+$K$27*E15+$L$27*E16+$M$27*E17+$N$27*E18+$O$27*E19+$P$27*E20+$Q$27*E21+$R$27*E22+$S$27*E23+$T$27*E24+$U$27*E25+$V$27*E26+$W$27*E27+$X$27*E28+$Y$27*E29+$Z$27*E30+$AA$27*E31+$AB$27*E32) -> 0 | F57: =IF($B$27=0,0,$B$27*F6+$C$27*F7+$D$27*F8+$E$27*F9+$F$27*F10+$G$27*F11+$H$27*F12+$I$27*F13+$J$27*F14+$K$27*F15+$L$27*F16+$M$27*F17+$N$27*F18+$O$27*F19+$P$27*F20+$Q$27*F21+$R$27*F22+$S$27*F23+$T$27*F24+$U$27*F25+$V$27*F26+$W$27*F27+$X$27*F28+$Y$27*F29+$Z$27*F30+$AA$27*F31+$AB$27*F32) -> 0 | G57: =IF($B$27=0,0,$B$27*G6+$C$27*G7+$D$27*G8+$E$27*G9+$F$27*G10+$G$27*G11+$H$27*G12+$I$27*G13+$J$27*G14+$K$27*G15+$L$27*G16+$M$27*G17+$N$27*G18+$O$27*G19+$P$27*G20+$Q$27*G21+$R$27*G22+$S$27*G23+$T$27*G24+$U$27*G25+$V$27*G26+$W$27*G27+$X$27*G28+$Y$27*G29+$Z$27*G30+$AA$27*G31+$AB$27*G32) -> 0 | H57: =IF($B$27=0,0,$B$27*H6+$C$27*H7+$D$27*H8+$E$27*H9+$F$27*H10+$G$27*H11+$H$27*H12+$I$27*H13+$J$27*H14+$K$27*H15+$L$27*H16+$M$27*H17+$N$27*H18+$O$27*H19+$P$27*H20+$Q$27*H21+$R$27*H22+$S$27*H23+$T$27*H24+$U$27*H25+$V$27*H26+$W$27*H27+$X$27*H28+$Y$27*H29+$Z$27*H30+$AA$27*H31+$AB$27*H32) -> 0 | I57: =IF($B$27=0,0,$B$27*I6+$C$27*I7+$D$27*I8+$E$27*I9+$F$27*I10+$G$27*I11+$H$27*I12+$I$27*I13+$J$27*I14+$K$27*I15+$L$27*I16+$M$27*I17+$N$27*I18+$O$27*I19+$P$27*I20+$Q$27*I21+$R$27*I22+$S$27*I23+$T$27*I24+$U$27*I25+$V$27*I26+$W$27*I27+$X$27*I28+$Y$27*I29+$Z$27*I30+$AA$27*I31+$AB$27*I32) -> 0 | ... AB57: =IF($B$27=0,0,$B$27*AB6+$C$27*AB7+$D$27*AB8+$E$27*AB9+$F$27*AB10+$G$27*AB11+$H$27*AB12+$I$27*AB13+$J$27*AB14+$K$27*AB15+$L$27*AB16+$M$27*AB17+$N$27*AB18+$O$27*AB19+$P$27*AB20+$Q$27*AB21+$R$27*AB22+$S$27*AB23+$T$27*AB24+$U$27*AB25+$V$27*AB26+$W$27*AB27+$X$27*AB28+$Y$27*AB29+$Z$27*AB30+$AA$27*AB31+$AB$27*AB32) -> 0 | AC57: =SUM(B57:AB57) -> 0 | AD57: =AC57/$AC$63 -> 0
B58: =IF($B$28=0,0,$B$28*B6+$C$28*B7+$D$28*B8+$E$28*B9+$F$28*B10+$G$28*B11+$H$28*B12+$I$28*B13+$J$28*B14+$K$28*B15+$L$28*B16+$M$28*B17+$N$28*B18+$O$28*B19+$P$28*B20+$Q$28*B21+$R$28*B22+$S$28*B23+$T$28*B24+$U$28*B25+$V$28*B26+$W$28*B27+$X$28*B28+$Y$28*B29+$Z$28*B30+$AA$28*B31+$AB$28*B32) -> 0 | C58: =IF($B$28=0,0,$B$28*C6+$C$28*C7+$D$28*C8+$E$28*C9+$F$28*C10+$G$28*C11+$H$28*C12+$I$28*C13+$J$28*C14+$K$28*C15+$L$28*C16+$M$28*C17+$N$28*C18+$O$28*C19+$P$28*C20+$Q$28*C21+$R$28*C22+$S$28*C23+$T$28*C24+$U$28*C25+$V$28*C26+$W$28*C27+$X$28*C28+$Y$28*C29+$Z$28*C30+$AA$28*C31+$AB$28*C32) -> 0 | D58: =IF($B$28=0,0,$B$28*D6+$C$28*D7+$D$28*D8+$E$28*D9+$F$28*D10+$G$28*D11+$H$28*D12+$I$28*D13+$J$28*D14+$K$28*D15+$L$28*D16+$M$28*D17+$N$28*D18+$O$28*D19+$P$28*D20+$Q$28*D21+$R$28*D22+$S$28*D23+$T$28*D24+$U$28*D25+$V$28*D26+$W$28*D27+$X$28*D28+$Y$28*D29+$Z$28*D30+$AA$28*D31+$AB$28*D32) -> 0 | E58: =IF($B$28=0,0,$B$28*E6+$C$28*E7+$D$28*E8+$E$28*E9+$F$28*E10+$G$28*E11+$H$28*E12+$I$28*E13+$J$28*E14+$K$28*E15+$L$28*E16+$M$28*E17+$N$28*E18+$O$28*E19+$P$28*E20+$Q$28*E21+$R$28*E22+$S$28*E23+$T$28*E24+$U$28*E25+$V$28*E26+$W$28*E27+$X$28*E28+$Y$28*E29+$Z$28*E30+$AA$28*E31+$AB$28*E32) -> 0 | F58: =IF($B$28=0,0,$B$28*F6+$C$28*F7+$D$28*F8+$E$28*F9+$F$28*F10+$G$28*F11+$H$28*F12+$I$28*F13+$J$28*F14+$K$28*F15+$L$28*F16+$M$28*F17+$N$28*F18+$O$28*F19+$P$28*F20+$Q$28*F21+$R$28*F22+$S$28*F23+$T$28*F24+$U$28*F25+$V$28*F26+$W$28*F27+$X$28*F28+$Y$28*F29+$Z$28*F30+$AA$28*F31+$AB$28*F32) -> 0 | G58: =IF($B$28=0,0,$B$28*G6+$C$28*G7+$D$28*G8+$E$28*G9+$F$28*G10+$G$28*G11+$H$28*G12+$I$28*G13+$J$28*G14+$K$28*G15+$L$28*G16+$M$28*G17+$N$28*G18+$O$28*G19+$P$28*G20+$Q$28*G21+$R$28*G22+$S$28*G23+$T$28*G24+$U$28*G25+$V$28*G26+$W$28*G27+$X$28*G28+$Y$28*G29+$Z$28*G30+$AA$28*G31+$AB$28*G32) -> 0 | H58: =IF($B$28=0,0,$B$28*H6+$C$28*H7+$D$28*H8+$E$28*H9+$F$28*H10+$G$28*H11+$H$28*H12+$I$28*H13+$J$28*H14+$K$28*H15+$L$28*H16+$M$28*H17+$N$28*H18+$O$28*H19+$P$28*H20+$Q$28*H21+$R$28*H22+$S$28*H23+$T$28*H24+$U$28*H25+$V$28*H26+$W$28*H27+$X$28*H28+$Y$28*H29+$Z$28*H30+$AA$28*H31+$AB$28*H32) -> 0 | I58: =IF($B$28=0,0,$B$28*I6+$C$28*I7+$D$28*I8+$E$28*I9+$F$28*I10+$G$28*I11+$H$28*I12+$I$28*I13+$J$28*I14+$K$28*I15+$L$28*I16+$M$28*I17+$N$28*I18+$O$28*I19+$P$28*I20+$Q$28*I21+$R$28*I22+$S$28*I23+$T$28*I24+$U$28*I25+$V$28*I26+$W$28*I27+$X$28*I28+$Y$28*I29+$Z$28*I30+$AA$28*I31+$AB$28*I32) -> 0 | ... AB58: =IF($B$28=0,0,$B$28*AB6+$C$28*AB7+$D$28*AB8+$E$28*AB9+$F$28*AB10+$G$28*AB11+$H$28*AB12+$I$28*AB13+$J$28*AB14+$K$28*AB15+$L$28*AB16+$M$28*AB17+$N$28*AB18+$O$28*AB19+$P$28*AB20+$Q$28*AB21+$R$28*AB22+$S$28*AB23+$T$28*AB24+$U$28*AB25+$V$28*AB26+$W$28*AB27+$X$28*AB28+$Y$28*AB29+$Z$28*AB30+$AA$28*AB31+$AB$28*AB32) -> 0 | AC58: =SUM(B58:AB58) -> 0 | AD58: =AC58/$AC$63 -> 0
B59: =IF($B$29=0,0,$B$29*B6+$C$29*B7+$D$29*B8+$E$29*B9+$F$29*B10+$G$29*B11+$H$29*B12+$I$29*B13+$J$29*B14+$K$29*B15+$L$29*B16+$M$29*B17+$N$29*B18+$O$29*B19+$P$29*B20+$Q$29*B21+$R$29*B22+$S$29*B23+$T$29*B24+$U$29*B25+$V$29*B26+$W$29*B27+$X$29*B28+$Y$29*B29+$Z$29*B30+$AA$29*B31+$AB$29*B32) -> 0 | C59: =IF($B$29=0,0,$B$29*C6+$C$29*C7+$D$29*C8+$E$29*C9+$F$29*C10+$G$29*C11+$H$29*C12+$I$29*C13+$J$29*C14+$K$29*C15+$L$29*C16+$M$29*C17+$N$29*C18+$O$29*C19+$P$29*C20+$Q$29*C21+$R$29*C22+$S$29*C23+$T$29*C24+$U$29*C25+$V$29*C26+$W$29*C27+$X$29*C28+$Y$29*C29+$Z$29*C30+$AA$29*C31+$AB$29*C32) -> 0 | D59: =IF($B$29=0,0,$B$29*D6+$C$29*D7+$D$29*D8+$E$29*D9+$F$29*D10+$G$29*D11+$H$29*D12+$I$29*D13+$J$29*D14+$K$29*D15+$L$29*D16+$M$29*D17+$N$29*D18+$O$29*D19+$P$29*D20+$Q$29*D21+$R$29*D22+$S$29*D23+$T$29*D24+$U$29*D25+$V$29*D26+$W$29*D27+$X$29*D28+$Y$29*D29+$Z$29*D30+$AA$29*D31+$AB$29*D32) -> 0 | E59: =IF($B$29=0,0,$B$29*E6+$C$29*E7+$D$29*E8+$E$29*E9+$F$29*E10+$G$29*E11+$H$29*E12+$I$29*E13+$J$29*E14+$K$29*E15+$L$29*E16+$M$29*E17+$N$29*E18+$O$29*E19+$P$29*E20+$Q$29*E21+$R$29*E22+$S$29*E23+$T$29*E24+$U$29*E25+$V$29*E26+$W$29*E27+$X$29*E28+$Y$29*E29+$Z$29*E30+$AA$29*E31+$AB$29*E32) -> 0 | F59: =IF($B$29=0,0,$B$29*F6+$C$29*F7+$D$29*F8+$E$29*F9+$F$29*F10+$G$29*F11+$H$29*F12+$I$29*F13+$J$29*F14+$K$29*F15+$L$29*F16+$M$29*F17+$N$29*F18+$O$29*F19+$P$29*F20+$Q$29*F21+$R$29*F22+$S$29*F23+$T$29*F24+$U$29*F25+$V$29*F26+$W$29*F27+$X$29*F28+$Y$29*F29+$Z$29*F30+$AA$29*F31+$AB$29*F32) -> 0 | G59: =IF($B$29=0,0,$B$29*G6+$C$29*G7+$D$29*G8+$E$29*G9+$F$29*G10+$G$29*G11+$H$29*G12+$I$29*G13+$J$29*G14+$K$29*G15+$L$29*G16+$M$29*G17+$N$29*G18+$O$29*G19+$P$29*G20+$Q$29*G21+$R$29*G22+$S$29*G23+$T$29*G24+$U$29*G25+$V$29*G26+$W$29*G27+$X$29*G28+$Y$29*G29+$Z$29*G30+$AA$29*G31+$AB$29*G32) -> 0 | H59: =IF($B$29=0,0,$B$29*H6+$C$29*H7+$D$29*H8+$E$29*H9+$F$29*H10+$G$29*H11+$H$29*H12+$I$29*H13+$J$29*H14+$K$29*H15+$L$29*H16+$M$29*H17+$N$29*H18+$O$29*H19+$P$29*H20+$Q$29*H21+$R$29*H22+$S$29*H23+$T$29*H24+$U$29*H25+$V$29*H26+$W$29*H27+$X$29*H28+$Y$29*H29+$Z$29*H30+$AA$29*H31+$AB$29*H32) -> 0 | I59: =IF($B$29=0,0,$B$29*I6+$C$29*I7+$D$29*I8+$E$29*I9+$F$29*I10+$G$29*I11+$H$29*I12+$I$29*I13+$J$29*I14+$K$29*I15+$L$29*I16+$M$29*I17+$N$29*I18+$O$29*I19+$P$29*I20+$Q$29*I21+$R$29*I22+$S$29*I23+$T$29*I24+$U$29*I25+$V$29*I26+$W$29*I27+$X$29*I28+$Y$29*I29+$Z$29*I30+$AA$29*I31+$AB$29*I32) -> 0 | ... AB59: =IF($B$29=0,0,$B$29*AB6+$C$29*AB7+$D$29*AB8+$E$29*AB9+$F$29*AB10+$G$29*AB11+$H$29*AB12+$I$29*AB13+$J$29*AB14+$K$29*AB15+$L$29*AB16+$M$29*AB17+$N$29*AB18+$O$29*AB19+$P$29*AB20+$Q$29*AB21+$R$29*AB22+$S$29*AB23+$T$29*AB24+$U$29*AB25+$V$29*AB26+$W$29*AB27+$X$29*AB28+$Y$29*AB29+$Z$29*AB30+$AA$29*AB31+$AB$29*AB32) -> 0 | AC59: =SUM(B59:AB59) -> 0 | AD59: =AC59/$AC$63 -> 0
B60: =IF($B$30=0,0,$B$30*B6+$C$30*B7+$D$30*B8+$E$30*B9+$F$30*B10+$G$30*B11+$H$30*B12+$I$30*B13+$J$30*B14+$K$30*B15+$L$30*B16+$M$30*B17+$N$30*B18+$O$30*B19+$P$30*B20+$Q$30*B21+$R$30*B22+$S$30*B23+$T$30*B24+$U$30*B25+$V$30*B26+$W$30*B27+$X$30*B28+$Y$30*B29+$Z$30*B30+$AA$30*B31+$AB$30*B32) -> 0 | C60: =IF($B$30=0,0,$B$30*C6+$C$30*C7+$D$30*C8+$E$30*C9+$F$30*C10+$G$30*C11+$H$30*C12+$I$30*C13+$J$30*C14+$K$30*C15+$L$30*C16+$M$30*C17+$N$30*C18+$O$30*C19+$P$30*C20+$Q$30*C21+$R$30*C22+$S$30*C23+$T$30*C24+$U$30*C25+$V$30*C26+$W$30*C27+$X$30*C28+$Y$30*C29+$Z$30*C30+$AA$30*C31+$AB$30*C32) -> 0 | D60: =IF($B$30=0,0,$B$30*D6+$C$30*D7+$D$30*D8+$E$30*D9+$F$30*D10+$G$30*D11+$H$30*D12+$I$30*D13+$J$30*D14+$K$30*D15+$L$30*D16+$M$30*D17+$N$30*D18+$O$30*D19+$P$30*D20+$Q$30*D21+$R$30*D22+$S$30*D23+$T$30*D24+$U$30*D25+$V$30*D26+$W$30*D27+$X$30*D28+$Y$30*D29+$Z$30*D30+$AA$30*D31+$AB$30*D32) -> 0 | E60: =IF($B$30=0,0,$B$30*E6+$C$30*E7+$D$30*E8+$E$30*E9+$F$30*E10+$G$30*E11+$H$30*E12+$I$30*E13+$J$30*E14+$K$30*E15+$L$30*E16+$M$30*E17+$N$30*E18+$O$30*E19+$P$30*E20+$Q$30*E21+$R$30*E22+$S$30*E23+$T$30*E24+$U$30*E25+$V$30*E26+$W$30*E27+$X$30*E28+$Y$30*E29+$Z$30*E30+$AA$30*E31+$AB$30*E32) -> 0 | F60: =IF($B$30=0,0,$B$30*F6+$C$30*F7+$D$30*F8+$E$30*F9+$F$30*F10+$G$30*F11+$H$30*F12+$I$30*F13+$J$30*F14+$K$30*F15+$L$30*F16+$M$30*F17+$N$30*F18+$O$30*F19+$P$30*F20+$Q$30*F21+$R$30*F22+$S$30*F23+$T$30*F24+$U$30*F25+$V$30*F26+$W$30*F27+$X$30*F28+$Y$30*F29+$Z$30*F30+$AA$30*F31+$AB$30*F32) -> 0 | G60: =IF($B$30=0,0,$B$30*G6+$C$30*G7+$D$30*G8+$E$30*G9+$F$30*G10+$G$30*G11+$H$30*G12+$I$30*G13+$J$30*G14+$K$30*G15+$L$30*G16+$M$30*G17+$N$30*G18+$O$30*G19+$P$30*G20+$Q$30*G21+$R$30*G22+$S$30*G23+$T$30*G24+$U$30*G25+$V$30*G26+$W$30*G27+$X$30*G28+$Y$30*G29+$Z$30*G30+$AA$30*G31+$AB$30*G32) -> 0 | H60: =IF($B$30=0,0,$B$30*H6+$C$30*H7+$D$30*H8+$E$30*H9+$F$30*H10+$G$30*H11+$H$30*H12+$I$30*H13+$J$30*H14+$K$30*H15+$L$30*H16+$M$30*H17+$N$30*H18+$O$30*H19+$P$30*H20+$Q$30*H21+$R$30*H22+$S$30*H23+$T$30*H24+$U$30*H25+$V$30*H26+$W$30*H27+$X$30*H28+$Y$30*H29+$Z$30*H30+$AA$30*H31+$AB$30*H32) -> 0 | I60: =IF($B$30=0,0,$B$30*I6+$C$30*I7+$D$30*I8+$E$30*I9+$F$30*I10+$G$30*I11+$H$30*I12+$I$30*I13+$J$30*I14+$K$30*I15+$L$30*I16+$M$30*I17+$N$30*I18+$O$30*I19+$P$30*I20+$Q$30*I21+$R$30*I22+$S$30*I23+$T$30*I24+$U$30*I25+$V$30*I26+$W$30*I27+$X$30*I28+$Y$30*I29+$Z$30*I30+$AA$30*I31+$AB$30*I32) -> 0 | ... AB60: =IF($B$30=0,0,$B$30*AB6+$C$30*AB7+$D$30*AB8+$E$30*AB9+$F$30*AB10+$G$30*AB11+$H$30*AB12+$I$30*AB13+$J$30*AB14+$K$30*AB15+$L$30*AB16+$M$30*AB17+$N$30*AB18+$O$30*AB19+$P$30*AB20+$Q$30*AB21+$R$30*AB22+$S$30*AB23+$T$30*AB24+$U$30*AB25+$V$30*AB26+$W$30*AB27+$X$30*AB28+$Y$30*AB29+$Z$30*AB30+$AA$30*AB31+$AB$30*AB32) -> 0 | AC60: =SUM(B60:AB60) -> 0 | AD60: =AC60/$AC$63 -> 0
B61: =IF($B$31=0,0,$B$31*B6+$C$31*B7+$D$31*B8+$E$31*B9+$F$31*B10+$G$31*B11+$H$31*B12+$I$31*B13+$J$31*B14+$K$31*B15+$L$31*B16+$M$31*B17+$N$31*B18+$O$31*B19+$P$31*B20+$Q$31*B21+$R$31*B22+$S$31*B23+$T$31*B24+$U$31*B25+$V$31*B26+$W$31*B27+$X$31*B28+$Y$31*B29+$Z$31*B30+$AA$31*B31+$AB$31*B32) -> 0 | C61: =IF($B$31=0,0,$B$31*C6+$C$31*C7+$D$31*C8+$E$31*C9+$F$31*C10+$G$31*C11+$H$31*C12+$I$31*C13+$J$31*C14+$K$31*C15+$L$31*C16+$M$31*C17+$N$31*C18+$O$31*C19+$P$31*C20+$Q$31*C21+$R$31*C22+$S$31*C23+$T$31*C24+$U$31*C25+$V$31*C26+$W$31*C27+$X$31*C28+$Y$31*C29+$Z$31*C30+$AA$31*C31+$AB$31*C32) -> 0 | D61: =IF($B$31=0,0,$B$31*D6+$C$31*D7+$D$31*D8+$E$31*D9+$F$31*D10+$G$31*D11+$H$31*D12+$I$31*D13+$J$31*D14+$K$31*D15+$L$31*D16+$M$31*D17+$N$31*D18+$O$31*D19+$P$31*D20+$Q$31*D21+$R$31*D22+$S$31*D23+$T$31*D24+$U$31*D25+$V$31*D26+$W$31*D27+$X$31*D28+$Y$31*D29+$Z$31*D30+$AA$31*D31+$AB$31*D32) -> 0 | E61: =IF($B$31=0,0,$B$31*E6+$C$31*E7+$D$31*E8+$E$31*E9+$F$31*E10+$G$31*E11+$H$31*E12+$I$31*E13+$J$31*E14+$K$31*E15+$L$31*E16+$M$31*E17+$N$31*E18+$O$31*E19+$P$31*E20+$Q$31*E21+$R$31*E22+$S$31*E23+$T$31*E24+$U$31*E25+$V$31*E26+$W$31*E27+$X$31*E28+$Y$31*E29+$Z$31*E30+$AA$31*E31+$AB$31*E32) -> 0 | F61: =IF($B$31=0,0,$B$31*F6+$C$31*F7+$D$31*F8+$E$31*F9+$F$31*F10+$G$31*F11+$H$31*F12+$I$31*F13+$J$31*F14+$K$31*F15+$L$31*F16+$M$31*F17+$N$31*F18+$O$31*F19+$P$31*F20+$Q$31*F21+$R$31*F22+$S$31*F23+$T$31*F24+$U$31*F25+$V$31*F26+$W$31*F27+$X$31*F28+$Y$31*F29+$Z$31*F30+$AA$31*F31+$AB$31*F32) -> 0 | G61: =IF($B$31=0,0,$B$31*G6+$C$31*G7+$D$31*G8+$E$31*G9+$F$31*G10+$G$31*G11+$H$31*G12+$I$31*G13+$J$31*G14+$K$31*G15+$L$31*G16+$M$31*G17+$N$31*G18+$O$31*G19+$P$31*G20+$Q$31*G21+$R$31*G22+$S$31*G23+$T$31*G24+$U$31*G25+$V$31*G26+$W$31*G27+$X$31*G28+$Y$31*G29+$Z$31*G30+$AA$31*G31+$AB$31*G32) -> 0 | H61: =IF($B$31=0,0,$B$31*H6+$C$31*H7+$D$31*H8+$E$31*H9+$F$31*H10+$G$31*H11+$H$31*H12+$I$31*H13+$J$31*H14+$K$31*H15+$L$31*H16+$M$31*H17+$N$31*H18+$O$31*H19+$P$31*H20+$Q$31*H21+$R$31*H22+$S$31*H23+$T$31*H24+$U$31*H25+$V$31*H26+$W$31*H27+$X$31*H28+$Y$31*H29+$Z$31*H30+$AA$31*H31+$AB$31*H32) -> 0 | I61: =IF($B$31=0,0,$B$31*I6+$C$31*I7+$D$31*I8+$E$31*I9+$F$31*I10+$G$31*I11+$H$31*I12+$I$31*I13+$J$31*I14+$K$31*I15+$L$31*I16+$M$31*I17+$N$31*I18+$O$31*I19+$P$31*I20+$Q$31*I21+$R$31*I22+$S$31*I23+$T$31*I24+$U$31*I25+$V$31*I26+$W$31*I27+$X$31*I28+$Y$31*I29+$Z$31*I30+$AA$31*I31+$AB$31*I32) -> 0 | ... AB61: =IF($B$31=0,0,$B$31*AB6+$C$31*AB7+$D$31*AB8+$E$31*AB9+$F$31*AB10+$G$31*AB11+$H$31*AB12+$I$31*AB13+$J$31*AB14+$K$31*AB15+$L$31*AB16+$M$31*AB17+$N$31*AB18+$O$31*AB19+$P$31*AB20+$Q$31*AB21+$R$31*AB22+$S$31*AB23+$T$31*AB24+$U$31*AB25+$V$31*AB26+$W$31*AB27+$X$31*AB28+$Y$31*AB29+$Z$31*AB30+$AA$31*AB31+$AB$31*AB32) -> 0 | AC61: =SUM(B61:AB61) -> 0 | AD61: =AC61/$AC$63 -> 0
B62: =IF($B$32=0,0,$B$32*B6+$C$32*B7+$D$32*B8+$E$32*B9+$F$32*B10+$G$32*B11+$H$32*B12+$I$32*B13+$J$32*B14+$K$32*B15+$L$32*B16+$M$32*B17+$N$32*B18+$O$32*B19+$P$32*B20+$Q$32*B21+$R$32*B22+$S$32*B23+$T$32*B24+$U$32*B25+$V$32*B26+$W$32*B27+$X$32*B28+$Y$32*B29+$Z$32*B30+$AA$32*B31+$AB$32*B32) -> 0 | C62: =IF($B$32=0,0,$B$32*C6+$C$32*C7+$D$32*C8+$E$32*C9+$F$32*C10+$G$32*C11+$H$32*C12+$I$32*C13+$J$32*C14+$K$32*C15+$L$32*C16+$M$32*C17+$N$32*C18+$O$32*C19+$P$32*C20+$Q$32*C21+$R$32*C22+$S$32*C23+$T$32*C24+$U$32*C25+$V$32*C26+$W$32*C27+$X$32*C28+$Y$32*C29+$Z$32*C30+$AA$32*C31+$AB$32*C32) -> 0 | D62: =IF($B$32=0,0,$B$32*D6+$C$32*D7+$D$32*D8+$E$32*D9+$F$32*D10+$G$32*D11+$H$32*D12+$I$32*D13+$J$32*D14+$K$32*D15+$L$32*D16+$M$32*D17+$N$32*D18+$O$32*D19+$P$32*D20+$Q$32*D21+$R$32*D22+$S$32*D23+$T$32*D24+$U$32*D25+$V$32*D26+$W$32*D27+$X$32*D28+$Y$32*D29+$Z$32*D30+$AA$32*D31+$AB$32*D32) -> 0 | E62: =IF($B$32=0,0,$B$32*E6+$C$32*E7+$D$32*E8+$E$32*E9+$F$32*E10+$G$32*E11+$H$32*E12+$I$32*E13+$J$32*E14+$K$32*E15+$L$32*E16+$M$32*E17+$N$32*E18+$O$32*E19+$P$32*E20+$Q$32*E21+$R$32*E22+$S$32*E23+$T$32*E24+$U$32*E25+$V$32*E26+$W$32*E27+$X$32*E28+$Y$32*E29+$Z$32*E30+$AA$32*E31+$AB$32*E32) -> 0 | F62: =IF($B$32=0,0,$B$32*F6+$C$32*F7+$D$32*F8+$E$32*F9+$F$32*F10+$G$32*F11+$H$32*F12+$I$32*F13+$J$32*F14+$K$32*F15+$L$32*F16+$M$32*F17+$N$32*F18+$O$32*F19+$P$32*F20+$Q$32*F21+$R$32*F22+$S$32*F23+$T$32*F24+$U$32*F25+$V$32*F26+$W$32*F27+$X$32*F28+$Y$32*F29+$Z$32*F30+$AA$32*F31+$AB$32*F32) -> 0 | G62: =IF($B$32=0,0,$B$32*G6+$C$32*G7+$D$32*G8+$E$32*G9+$F$32*G10+$G$32*G11+$H$32*G12+$I$32*G13+$J$32*G14+$K$32*G15+$L$32*G16+$M$32*G17+$N$32*G18+$O$32*G19+$P$32*G20+$Q$32*G21+$R$32*G22+$S$32*G23+$T$32*G24+$U$32*G25+$V$32*G26+$W$32*G27+$X$32*G28+$Y$32*G29+$Z$32*G30+$AA$32*G31+$AB$32*G32) -> 0 | H62: =IF($B$32=0,0,$B$32*H6+$C$32*H7+$D$32*H8+$E$32*H9+$F$32*H10+$G$32*H11+$H$32*H12+$I$32*H13+$J$32*H14+$K$32*H15+$L$32*H16+$M$32*H17+$N$32*H18+$O$32*H19+$P$32*H20+$Q$32*H21+$R$32*H22+$S$32*H23+$T$32*H24+$U$32*H25+$V$32*H26+$W$32*H27+$X$32*H28+$Y$32*H29+$Z$32*H30+$AA$32*H31+$AB$32*H32) -> 0 | I62: =IF($B$32=0,0,$B$32*I6+$C$32*I7+$D$32*I8+$E$32*I9+$F$32*I10+$G$32*I11+$H$32*I12+$I$32*I13+$J$32*I14+$K$32*I15+$L$32*I16+$M$32*I17+$N$32*I18+$O$32*I19+$P$32*I20+$Q$32*I21+$R$32*I22+$S$32*I23+$T$32*I24+$U$32*I25+$V$32*I26+$W$32*I27+$X$32*I28+$Y$32*I29+$Z$32*I30+$AA$32*I31+$AB$32*I32) -> 0 | ... AB62: =IF($B$32=0,0,$B$32*AB6+$C$32*AB7+$D$32*AB8+$E$32*AB9+$F$32*AB10+$G$32*AB11+$H$32*AB12+$I$32*AB13+$J$32*AB14+$K$32*AB15+$L$32*AB16+$M$32*AB17+$N$32*AB18+$O$32*AB19+$P$32*AB20+$Q$32*AB21+$R$32*AB22+$S$32*AB23+$T$32*AB24+$U$32*AB25+$V$32*AB26+$W$32*AB27+$X$32*AB28+$Y$32*AB29+$Z$32*AB30+$AA$32*AB31+$AB$32*AB32) -> 0 | AC62: =SUM(B62:AB62) -> 0 | AD62: =AC62/$AC$63 -> 0
AB63: Sum: | AC63: =SUM(AC36:AC62) -> 1 | AD63: =SUM(AD36:AD62) -> 1

Sheet App domain specificity
A1: Evaluate alternatives: Use the same nine-point scale provided beside to compare the relative importance of each alternative (prioritized aspect) in the row to each alternative in the column (orange cells) concerning the "App domain specificity" criterion. Please only input a number in the cells with the column header if the header (-) keeps empty. Example Comparison: Ask yourself, "With respect to the criterion "App domain specificity," how much more do you prefer alternative (i.e., X "in the row" to alternative Y" in the column"? And assign a number from the scale. Continue by comparing each alternative (in the row) to all alternatives (in the columns) one by one concerning the "App domain specificity" criterion until all alternatives in the rows have been pairwise compared to the ones in the columns. Please Note (Less Important alternative): If you believe an alternative in the row is less important than one in the column, use the reciprocals of the nine-point scale, where 1 ("equally unimportant") to 1/9 ("extreme unimportance"). For example, if alternative X (in the row) is less important than alternative Y (in the column), you might assign a value like =1/3. | M1: Scale: 1: Equally important 2: Equally to moderately more important 3: Moderately more important 4: Moderately to strongly more important 5: Strongly more important 6: Strongly to very strongly more important 7: Very strongly more important 8: Very strongly to extremely more important 9: Extremely more important
A2: For more info, please visit: https://www.1000minds.com/decision-making/analytic-hierarchy-process-ahp
G4: App domain specificity(alternatives pairwise comparison matrix)
B5: {=IF(TRANSPOSE(A6:A32)=0,"-",TRANSPOSE(A6:A32))} -> #VALUE! | C5: - | D5: - | E5: - | F5: - | G5: - | H5: - | I5: - | J5: - | K5: - | L5: - | M5: - | N5: - | O5: - | P5: - | Q5: - | R5: - | S5: - | T5: - | U5: - | V5: - | W5: - | X5: - | Y5: - | Z5: - | AA5: - | AB5: -
A6: {=_xlfn._xlws.FILTER('AHP(Structure the hierarchy)'!B6:B33, 'AHP(Structure the hierarchy)'!B6:B33<>"")} -> #VALUE! | B6: 1
B7: =IF(C6=0,0,1/C6) -> 0 | C7: 1
B8: =IF(D6=0,0,1/D6) -> 0 | C8: =IF(D7=0,0,1/D7) -> 0 | D8: 1
B9: =IF(E6=0,0,1/E6) -> 0 | C9: =IF(E7=0,0,1/E7) -> 0 | D9: =IF(E8=0,0,1/E8) -> 0 | E9: 1
B10: =IF(F6=0,0,1/F6) -> 0 | C10: =IF(F7=0,0,1/F7) -> 0 | D10: =IF(F8=0,0,1/F8) -> 0 | E10: =IF(F9=0,0,1/F9) -> 0 | F10: 1
B11: =IF(G6=0,0,1/G6) -> 0 | C11: =IF(G7=0,0,1/G7) -> 0 | D11: =IF(G8=0,0,1/G8) -> 0 | E11: =IF(G9=0,0,1/G9) -> 0 | F11: =IF(G10=0,0,1/G10) -> 0 | G11: 1
B12: =IF(H6=0,0,1/H6) -> 0 | C12: =IF(H7=0,0,1/H7) -> 0 | D12: =IF(H8=0,0,1/H8) -> 0 | E12: =IF(H9=0,0,1/H9) -> 0 | F12: =IF(H10=0,0,1/H10) -> 0 | G12: =IF(H11=0,0,1/H11) -> 0 | H12: 1
B13: =IF(I6=0,0,1/I6) -> 0 | C13: =IF(I7=0,0,1/I7) -> 0 | D13: =IF(I8=0,0,1/I8) -> 0 | E13: =IF(I9=0,0,1/I9) -> 0 | F13: =IF(I10=0,0,1/I10) -> 0 | G13: =IF(I11=0,0,1/I11) -> 0 | H13: =IF(I12=0,0,1/I12) -> 0 | I13: 1
B14: =IF(J6=0,0,1/J6) -> 0 | C14: =IF(J7=0,0,1/J7) -> 0 | D14: =IF(J8=0,0,1/J8) -> 0 | E14: =IF(J9=0,0,1/J9) -> 0 | F14: =IF(J10=0,0,1/J10) -> 0 | G14: =IF(J11=0,0,1/J11) -> 0 | H14: =IF(J12=0,0,1/J12) -> 0 | I14: =IF(J13=0,0,1/J13) -> 0 | J14: 1
B15: =IF(K6=0,0,1/K6) -> 0 | C15: =IF(K7=0,0,1/K7) -> 0 | D15: =IF(K8=0,0,1/K8) -> 0 | E15: =IF(K9=0,0,1/K9) -> 0 | F15: =IF(K10=0,0,1/K10) -> 0 | G15: =IF(K11=0,0,1/K11) -> 0 | H15: =IF(K12=0,0,1/K12) -> 0 | I15: =IF(K13=0,0,1/K13) -> 0 | J15: =IF(K14=0,0,1/K14) -> 0 | K15: 1
B16: =IF(L6=0,0,1/L6) -> 0 | C16: =IF(L7=0,0,1/L7) -> 0 | D16: =IF(L8=0,0,1/L8) -> 0 | E16: =IF(L9=0,0,1/L9) -> 0 | F16: =IF(L10=0,0,1/L10) -> 0 | G16: =IF(L11=0,0,1/L11) -> 0 | H16: =IF(L12=0,0,1/L12) -> 0 | I16: =IF(L13=0,0,1/L13) -> 0 | J16: =IF(L14=0,0,1/L14) -> 0 | K16: =IF(L15=0,0,1/L15) -> 0 | L16: 1
B17: =IF(M6=0,0,1/M6) -> 0 | C17: =IF(M7=0,0,1/M7) -> 0 | D17: =IF(M8=0,0,1/M8) -> 0 | E17: =IF(M9=0,0,1/M9) -> 0 | F17: =IF(M10=0,0,1/M10) -> 0 | G17: =IF(M11=0,0,1/M11) -> 0 | H17: =IF(M12=0,0,1/M12) -> 0 | I17: =IF(M13=0,0,1/M13) -> 0 | J17: =IF(M14=0,0,1/M14) -> 0 | K17: =IF(M15=0,0,1/M15) -> 0 | L17: =IF(M16=0,0,1/M16) -> 0 | M17: 1
B18: =IF(N6=0,0,1/N6) -> 0 | C18: =IF(N7=0,0,1/N7) -> 0 | D18: =IF(N8=0,0,1/N8) -> 0 | E18: =IF(N9=0,0,1/N9) -> 0 | F18: =IF(N10=0,0,1/N10) -> 0 | G18: =IF(N11=0,0,1/N11) -> 0 | H18: =IF(N12=0,0,1/N12) -> 0 | I18: =IF(N13=0,0,1/N13) -> 0 | J18: =IF(N14=0,0,1/N14) -> 0 | K18: =IF(N15=0,0,1/N15) -> 0 | L18: =IF(N16=0,0,1/N16) -> 0 | M18: =IF(N17=0,0,1/N17) -> 0 | N18: 1
B19: =IF(O6=0,0,1/O6) -> 0 | C19: =IF(O7=0,0,1/O7) -> 0 | D19: =IF(O8=0,0,1/O8) -> 0 | E19: =IF(O9=0,0,1/O9) -> 0 | F19: =IF(O10=0,0,1/O10) -> 0 | G19: =IF(O11=0,0,1/O11) -> 0 | H19: =IF(O12=0,0,1/O12) -> 0 | I19: =IF(O13=0,0,1/O13) -> 0 | J19: =IF(O14=0,0,1/O14) -> 0 | K19: =IF(O15=0,0,1/O15) -> 0 | L19: =IF(O16=0,0,1/O16) -> 0 | M19: =IF(O17=0,0,1/O17) -> 0 | N19: =IF(O18=0,0,1/O18) -> 0 | O19: 1
B20: =IF(P6=0,0,1/P6) -> 0 | C20: =IF(P7=0,0,1/P7) -> 0 | D20: =IF(P8=0,0,1/P8) -> 0 | E20: =IF(P9=0,0,1/P9) -> 0 | F20: =IF(P10=0,0,1/P10) -> 0 | G20: =IF(P11=0,0,1/P11) -> 0 | H20: =IF(P12=0,0,1/P12) -> 0 | I20: =IF(P13=0,0,1/P13) -> 0 | J20: =IF(P14=0,0,1/P14) -> 0 | K20: =IF(P15=0,0,1/P15) -> 0 | L20: =IF(P16=0,0,1/P16) -> 0 | M20: =IF(P17=0,0,1/P17) -> 0 | N20: =IF(P18=0,0,1/P18) -> 0 | O20: =IF(P19=0,0,1/P19) -> 0 | P20: 1
B21: =IF(Q6=0,0,1/Q6) -> 0 | C21: =IF(Q7=0,0,1/Q7) -> 0 | D21: =IF(Q8=0,0,1/Q8) -> 0 | E21: =IF(Q9=0,0,1/Q9) -> 0 | F21: =IF(Q10=0,0,1/Q10) -> 0 | G21: =IF(Q11=0,0,1/Q11) -> 0 | H21: =IF(Q12=0,0,1/Q12) -> 0 | I21: =IF(Q13=0,0,1/Q13) -> 0 | J21: =IF(Q14=0,0,1/Q14) -> 0 | K21: =IF(Q15=0,0,1/Q15) -> 0 | L21: =IF(Q16=0,0,1/Q16) -> 0 | M21: =IF(Q17=0,0,1/Q17) -> 0 | N21: =IF(Q18=0,0,1/Q18) -> 0 | O21: =IF(Q19=0,0,1/Q19) -> 0 | P21: =IF(Q20=0,0,1/Q20) -> 0 | Q21: 1
B22: =IF(R6=0,0,1/R6) -> 0 | C22: =IF(R7=0,0,1/R7) -> 0 | D22: =IF(R8=0,0,1/R8) -> 0 | E22: =IF(R9=0,0,1/R9) -> 0 | F22: =IF(R10=0,0,1/R10) -> 0 | G22: =IF(R11=0,0,1/R11) -> 0 | H22: =IF(R12=0,0,1/R12) -> 0 | I22: =IF(R13=0,0,1/R13) -> 0 | J22: =IF(R14=0,0,1/R14) -> 0 | K22: =IF(R15=0,0,1/R15) -> 0 | L22: =IF(R16=0,0,1/R16) -> 0 | M22: =IF(R17=0,0,1/R17) -> 0 | N22: =IF(R18=0,0,1/R18) -> 0 | O22: =IF(R19=0,0,1/R19) -> 0 | P22: =IF(R20=0,0,1/R20) -> 0 | Q22: =IF(R21=0,0,1/R21) -> 0 | R22: 1
B23: =IF(S6=0,0,1/S6) -> 0 | C23: =IF(S7=0,0,1/S7) -> 0 | D23: =IF(S8=0,0,1/S8) -> 0 | E23: =IF(S9=0,0,1/S9) -> 0 | F23: =IF(S10=0,0,1/S10) -> 0 | G23: =IF(S11=0,0,1/S11) -> 0 | H23: =IF(S12=0,0,1/S12) -> 0 | I23: =IF(S13=0,0,1/S13) -> 0 | J23: =IF(S14=0,0,1/S14) -> 0 | K23: =IF(S15=0,0,1/S15) -> 0 | L23: =IF(S16=0,0,1/S16) -> 0 | M23: =IF(S17=0,0,1/S17) -> 0 | N23: =IF(S18=0,0,1/S18) -> 0 | O23: =IF(S19=0,0,1/S19) -> 0 | P23: =IF(S20=0,0,1/S20) -> 0 | Q23: =IF(S21=0,0,1/S21) -> 0 | R23: =IF(S22=0,0,1/S22) -> 0 | S23: 1
B24: =IF(T6=0,0,1/T6) -> 0 | C24: =IF(T7=0,0,1/T7) -> 0 | D24: =IF(T8=0,0,1/T8) -> 0 | E24: =IF(T9=0,0,1/T9) -> 0 | F24: =IF(T10=0,0,1/T10) -> 0 | G24: =IF(T11=0,0,1/T11) -> 0 | H24: =IF(T12=0,0,1/T12) -> 0 | I24: =IF(T13=0,0,1/T13) -> 0 | J24: =IF(T14=0,0,1/T14) -> 0 | K24: =IF(T15=0,0,1/T15) -> 0 | L24: =IF(T16=0,0,1/T16) -> 0 | M24: =IF(T17=0,0,1/T17) -> 0 | N24: =IF(T18=0,0,1/T18) -> 0 | O24: =IF(T19=0,0,1/T19) -> 0 | P24: =IF(T20=0,0,1/T20) -> 0 | Q24: =IF(T21=0,0,1/T21) -> 0 | R24: =IF(T22=0,0,1/T22) -> 0 | S24: =IF(T23=0,0,1/T23) -> 0 | T24: 1
B25: =IF(U6=0,0,1/U6) -> 0 | C25: =IF(U7=0,0,1/U7) -> 0 | D25: =IF(U8=0,0,1/U8) -> 0 | E25: =IF(U9=0,0,1/U9) -> 0 | F25: =IF(U10=0,0,1/U10) -> 0 | G25: =IF(U11=0,0,1/U11) -> 0 | H25: =IF(U12=0,0,1/U12) -> 0 | I25: =IF(U13=0,0,1/U13) -> 0 | J25: =IF(U14=0,0,1/U14) -> 0 | K25: =IF(U15=0,0,1/U15) -> 0 | L25: =IF(U16=0,0,1/U16) -> 0 | M25: =IF(U17=0,0,1/U17) -> 0 | N25: =IF(U18=0,0,1/U18) -> 0 | O25: =IF(U19=0,0,1/U19) -> 0 | P25: =IF(U20=0,0,1/U20) -> 0 | Q25: =IF(U21=0,0,1/U21) -> 0 | R25: =IF(U22=0,0,1/U22) -> 0 | S25: =IF(U23=0,0,1/U23) -> 0 | T25: =IF(U24=0,0,1/U24) -> 0 | U25: 1
B26: =IF(V6=0,0,1/V6) -> 0 | C26: =IF(V7=0,0,1/V7) -> 0 | D26: =IF(V8=0,0,1/V8) -> 0 | E26: =IF(V9=0,0,1/V9) -> 0 | F26: =IF(V10=0,0,1/V10) -> 0 | G26: =IF(V11=0,0,1/V11) -> 0 | H26: =IF(V12=0,0,1/V12) -> 0 | I26: =IF(V13=0,0,1/V13) -> 0 | J26: =IF(V14=0,0,1/V14) -> 0 | K26: =IF(V15=0,0,1/V15) -> 0 | L26: =IF(V16=0,0,1/V16) -> 0 | M26: =IF(V17=0,0,1/V17) -> 0 | N26: =IF(V18=0,0,1/V18) -> 0 | O26: =IF(V19=0,0,1/V19) -> 0 | P26: =IF(V20=0,0,1/V20) -> 0 | Q26: =IF(V21=0,0,1/V21) -> 0 | R26: =IF(V22=0,0,1/V22) -> 0 | S26: =IF(V23=0,0,1/V23) -> 0 | T26: =IF(V24=0,0,1/V24) -> 0 | U26: =IF(V25=0,0,1/V25) -> 0 | V26: 1
B27: =IF(W6=0,0,1/W6) -> 0 | C27: =IF(W7=0,0,1/W7) -> 0 | D27: =IF(W8=0,0,1/W8) -> 0 | E27: =IF(W9=0,0,1/W9) -> 0 | F27: =IF(W10=0,0,1/W10) -> 0 | G27: =IF(W11=0,0,1/W11) -> 0 | H27: =IF(W12=0,0,1/W12) -> 0 | I27: =IF(W13=0,0,1/W13) -> 0 | J27: =IF(W14=0,0,1/W14) -> 0 | K27: =IF(W15=0,0,1/W15) -> 0 | L27: =IF(W16=0,0,1/W16) -> 0 | M27: =IF(W17=0,0,1/W17) -> 0 | N27: =IF(W18=0,0,1/W18) -> 0 | O27: =IF(W19=0,0,1/W19) -> 0 | P27: =IF(W20=0,0,1/W20) -> 0 | Q27: =IF(W21=0,0,1/W21) -> 0 | R27: =IF(W22=0,0,1/W22) -> 0 | S27: =IF(W23=0,0,1/W23) -> 0 | T27: =IF(W24=0,0,1/W24) -> 0 | U27: =IF(W25=0,0,1/W25) -> 0 | V27: =IF(W26=0,0,1/W26) -> 0 | W27: 1
B28: =IF(X6=0,0,1/X6) -> 0 | C28: =IF(X7=0,0,1/X7) -> 0 | D28: =IF(X8=0,0,1/X8) -> 0 | E28: =IF(X9=0,0,1/X9) -> 0 | F28: =IF(X10=0,0,1/X10) -> 0 | G28: =IF(X11=0,0,1/X11) -> 0 | H28: =IF(X12=0,0,1/X12) -> 0 | I28: =IF(X13=0,0,1/X13) -> 0 | J28: =IF(X14=0,0,1/X14) -> 0 | K28: =IF(X15=0,0,1/X15) -> 0 | L28: =IF(X16=0,0,1/X16) -> 0 | M28: =IF(X17=0,0,1/X17) -> 0 | N28: =IF(X18=0,0,1/X18) -> 0 | O28: =IF(X19=0,0,1/X19) -> 0 | P28: =IF(X20=0,0,1/X20) -> 0 | Q28: =IF(X21=0,0,1/X21) -> 0 | R28: =IF(X22=0,0,1/X22) -> 0 | S28: =IF(X23=0,0,1/X23) -> 0 | T28: =IF(X24=0,0,1/X24) -> 0 | U28: =IF(X25=0,0,1/X25) -> 0 | V28: =IF(X26=0,0,1/X26) -> 0 | W28: =IF(X27=0,0,1/X27) -> 0 | X28: 1
B29: =IF(Y6=0,0,1/Y6) -> 0 | C29: =IF(Y7=0,0,1/Y7) -> 0 | D29: =IF(Y8=0,0,1/Y8) -> 0 | E29: =IF(Y9=0,0,1/Y9) -> 0 | F29: =IF(Y10=0,0,1/Y10) -> 0 | G29: =IF(Y11=0,0,1/Y11) -> 0 | H29: =IF(Y12=0,0,1/Y12) -> 0 | I29: =IF(Y13=0,0,1/Y13) -> 0 | J29: =IF(Y14=0,0,1/Y14) -> 0 | K29: =IF(Y15=0,0,1/Y15) -> 0 | L29: =IF(Y16=0,0,1/Y16) -> 0 | M29: =IF(Y17=0,0,1/Y17) -> 0 | N29: =IF(Y18=0,0,1/Y18) -> 0 | O29: =IF(Y19=0,0,1/Y19) -> 0 | P29: =IF(Y20=0,0,1/Y20) -> 0 | Q29: =IF(Y21=0,0,1/Y21) -> 0 | R29: =IF(Y22=0,0,1/Y22) -> 0 | S29: =IF(Y23=0,0,1/Y23) -> 0 | T29: =IF(Y24=0,0,1/Y24) -> 0 | U29: =IF(Y25=0,0,1/Y25) -> 0 | V29: =IF(Y26=0,0,1/Y26) -> 0 | W29: =IF(Y27=0,0,1/Y27) -> 0 | X29: =IF(Y28=0,0,1/Y28) -> 0 | Y29: 1
B30: =IF(Z6=0,0,1/Z6) -> 0 | C30: =IF(Z7=0,0,1/Z7) -> 0 | D30: =IF(Z8=0,0,1/Z8) -> 0 | E30: =IF(Z9=0,0,1/Z9) -> 0 | F30: =IF(Z10=0,0,1/Z10) -> 0 | G30: =IF(Z11=0,0,1/Z11) -> 0 | H30: =IF(Z12=0,0,1/Z12) -> 0 | I30: =IF(Z13=0,0,1/Z13) -> 0 | J30: =IF(Z14=0,0,1/Z14) -> 0 | K30: =IF(Z15=0,0,1/Z15) -> 0 | L30: =IF(Z16=0,0,1/Z16) -> 0 | M30: =IF(Z17=0,0,1/Z17) -> 0 | N30: =IF(Z18=0,0,1/Z18) -> 0 | O30: =IF(Z19=0,0,1/Z19) -> 0 | P30: =IF(Z20=0,0,1/Z20) -> 0 | Q30: =IF(Z21=0,0,1/Z21) -> 0 | R30: =IF(Z22=0,0,1/Z22) -> 0 | S30: =IF(Z23=0,0,1/Z23) -> 0 | T30: =IF(Z24=0,0,1/Z24) -> 0 | U30: =IF(Z25=0,0,1/Z25) -> 0 | V30: =IF(Z26=0,0,1/Z26) -> 0 | W30: =IF(Z27=0,0,1/Z27) -> 0 | X30: =IF(Z28=0,0,1/Z28) -> 0 | Y30: =IF(Z29=0,0,1/Z29) -> 0 | Z30: 1
B31: =IF(AA6=0,0,1/AA6) -> 0 | C31: =IF(AA7=0,0,1/AA7) -> 0 | D31: =IF(AA8=0,0,1/AA8) -> 0 | E31: =IF(AA9=0,0,1/AA9) -> 0 | F31: =IF(AA10=0,0,1/AA10) -> 0 | G31: =IF(AA11=0,0,1/AA11) -> 0 | H31: =IF(AA12=0,0,1/AA12) -> 0 | I31: =IF(AA13=0,0,1/AA13) -> 0 | J31: =IF(AA14=0,0,1/AA14) -> 0 | K31: =IF(AA15=0,0,1/AA15) -> 0 | L31: =IF(AA16=0,0,1/AA16) -> 0 | M31: =IF(AA17=0,0,1/AA17) -> 0 | N31: =IF(AA18=0,0,1/AA18) -> 0 | O31: =IF(AA19=0,0,1/AA19) -> 0 | P31: =IF(AA20=0,0,1/AA20) -> 0 | Q31: =IF(AA21=0,0,1/AA21) -> 0 | R31: =IF(AA22=0,0,1/AA22) -> 0 | S31: =IF(AA23=0,0,1/AA23) -> 0 | T31: =IF(AA24=0,0,1/AA24) -> 0 | U31: =IF(AA25=0,0,1/AA25) -> 0 | V31: =IF(AA26=0,0,1/AA26) -> 0 | W31: =IF(AA27=0,0,1/AA27) -> 0 | X31: =IF(AA28=0,0,1/AA28) -> 0 | Y31: =IF(AA29=0,0,1/AA29) -> 0 | Z31: =IF(AA30=0,0,1/AA30) -> 0 | AA31: 1
B32: =IF(AB6=0,0,1/AB6) -> 0 | C32: =IF(AB7=0,0,1/AB7) -> 0 | D32: =IF(AB8=0,0,1/AB8) -> 0 | E32: =IF(AB9=0,0,1/AB9) -> 0 | F32: =IF(AB10=0,0,1/AB10) -> 0 | G32: =IF(AB11=0,0,1/AB11) -> 0 | H32: =IF(AB12=0,0,1/AB12) -> 0 | I32: =IF(AB13=0,0,1/AB13) -> 0 | J32: =IF(AB14=0,0,1/AB14) -> 0 | K32: =IF(AB15=0,0,1/AB15) -> 0 | L32: =IF(AB16=0,0,1/AB16) -> 0 | M32: =IF(AB17=0,0,1/AB17) -> 0 | N32: =IF(AB18=0,0,1/AB18) -> 0 | O32: =IF(AB19=0,0,1/AB19) -> 0 | P32: =IF(AB20=0,0,1/AB20) -> 0 | Q32: =IF(AB21=0,0,1/AB21) -> 0 | R32: =IF(AB22=0,0,1/AB22) -> 0 | S32: =IF(AB23=0,0,1/AB23) -> 0 | T32: =IF(AB24=0,0,1/AB24) -> 0 | U32: =IF(AB25=0,0,1/AB25) -> 0 | V32: =IF(AB26=0,0,1/AB26) -> 0 | W32: =IF(AB27=0,0,1/AB27) -> 0 | X32: =IF(AB28=0,0,1/AB28) -> 0 | Y32: =IF(AB29=0,0,1/AB29) -> 0 | Z32: =IF(AB30=0,0,1/AB30) -> 0 | AA32: =IF(AB31=0,0,1/AB31) -> 0 | AB32: 1
H34: Calculate alternatives weights
B35: {=IF(TRANSPOSE(A6:A32)=0,"-",TRANSPOSE(A6:A32))} -> #VALUE! | C35: - | D35: - | E35: - | F35: - | G35: - | H35: - | I35: - | J35: - | K35: - | L35: - | M35: - | N35: - | O35: - | P35: - | Q35: - | R35: - | S35: - | T35: - | U35: - | V35: - | W35: - | X35: - | Y35: - | Z35: - | AA35: - | AB35: - | AC35: Row total | AD35: Score
A36: {=_xlfn._xlws.FILTER('AHP(Structure the hierarchy)'!B6:B33, 'AHP(Structure the hierarchy)'!B6:B33<>"")} -> #VALUE! | B36: =IF($B$6=0,0,$B$6*B6+$C$6*B7+$D$6*B8+$E$6*B9+$F$6*B10+$G$6*B11+H6*B12+I6*B13+J6*B14+K6*B15+L6*B16+M6*B17+N6*B18+O6*B19+P6*B20+Q6*B21+R6*B22+S6*B23+T6*B24+U6*B25+V6*B26+W6*B27+X6*B28+Y6*B29+Z6*B30+AA6*B31+AB6*B32) -> 1 | C36: =IF($B$6=0,0,$B$6*C6+$C$6*C7+$D$6*C8+$E$6*C9+$F$6*C10+$G$6*C11+I6*C12+J6*C13+K6*C14+L6*C15+M6*C16+N6*C17+O6*C18+P6*C19+Q6*C20+R6*C21+S6*C22+T6*C23+U6*C24+V6*C25+W6*C26+X6*C27+Y6*C28+Z6*C29+AA6*C30+AB6*C31+AC6*C32) -> 0 | D36: =IF($B$6=0,0,$B$6*D6+$C$6*D7+$D$6*D8+$E$6*D9+$F$6*D10+$G$6*D11+J6*D12+K6*D13+L6*D14+M6*D15+N6*D16+O6*D17+P6*D18+Q6*D19+R6*D20+S6*D21+T6*D22+U6*D23+V6*D24+W6*D25+X6*D26+Y6*D27+Z6*D28+AA6*D29+AB6*D30+AC6*D31+AD6*D32) -> 0 | E36: =IF($B$6=0,0,$B$6*E6+$C$6*E7+$D$6*E8+$E$6*E9+$F$6*E10+$G$6*E11+K6*E12+L6*E13+M6*E14+N6*E15+O6*E16+P6*E17+Q6*E18+R6*E19+S6*E20+T6*E21+U6*E22+V6*E23+W6*E24+X6*E25+Y6*E26+Z6*E27+AA6*E28+AB6*E29+AC6*E30+AD6*E31+AE6*E32) -> 0 | F36: =IF($B$6=0,0,$B$6*F6+$C$6*F7+$D$6*F8+$E$6*F9+$F$6*F10+$G$6*F11+L6*F12+M6*F13+N6*F14+O6*F15+P6*F16+Q6*F17+R6*F18+S6*F19+T6*F20+U6*F21+V6*F22+W6*F23+X6*F24+Y6*F25+Z6*F26+AA6*F27+AB6*F28+AC6*F29+AD6*F30+AE6*F31+AF6*F32) -> 0 | G36: =IF($B$6=0,0,$B$6*G6+$C$6*G7+$D$6*G8+$E$6*G9+$F$6*G10+$G$6*G11+M6*G12+N6*G13+O6*G14+P6*G15+Q6*G16+R6*G17+S6*G18+T6*G19+U6*G20+V6*G21+W6*G22+X6*G23+Y6*G24+Z6*G25+AA6*G26+AB6*G27+AC6*G28+AD6*G29+AE6*G30+AF6*G31+AG6*G32) -> 0 | H36: =IF($B$6=0,0,$B$6*H6+$C$6*H7+$D$6*H8+$E$6*H9+$F$6*H10+$G$6*H11+N6*H12+O6*H13+P6*H14+Q6*H15+R6*H16+S6*H17+T6*H18+U6*H19+V6*H20+W6*H21+X6*H22+Y6*H23+Z6*H24+AA6*H25+AB6*H26+AC6*H27+AD6*H28+AE6*H29+AF6*H30+AG6*H31+AH6*H32) -> 0 | I36: =IF($B$6=0,0,$B$6*I6+$C$6*I7+$D$6*I8+$E$6*I9+$F$6*I10+$G$6*I11+O6*I12+P6*I13+Q6*I14+R6*I15+S6*I16+T6*I17+U6*I18+V6*I19+W6*I20+X6*I21+Y6*I22+Z6*I23+AA6*I24+AB6*I25+AC6*I26+AD6*I27+AE6*I28+AF6*I29+AG6*I30+AH6*I31+AI6*I32) -> 0 | ... AB36: =IF($B$6=0,0,$B$6*AB6+$C$6*AB7+$D$6*AB8+$E$6*AB9+$F$6*AB10+$G$6*AB11+AH6*AB12+AI6*AB13+AJ6*AB14+AK6*AB15+AL6*AB16+AM6*AB17+AN6*AB18+AO6*AB19+AP6*AB20+AQ6*AB21+AR6*AB22+AS6*AB23+AT6*AB24+AU6*AB25+AV6*AB26+AW6*AB27+AX6*AB28+AY6*AB29+AZ6*AB30+BA6*AB31+BB6*AB32) -> 0 | AC36: =SUM(B36:AB36) -> 1 | AD36: =AC36/$AC$63 -> 1
B37: =IF($B$7=0,0,$B$7*B6+$C$7*B7+$D$7*B8+$E$7*B9+$F$7*B10+$G$7*B11+$H$7*B12+$I$7*B13+$J$7*B14+$K$7*B15+$L$7*B16+$M$7*B17+$N$7*B18+$O$7*B19+$P$7*B20+$Q$7*B21+$R$7*B22+$S$7*B23+$T$7*B24+$U$7*B25+$V$7*B26+$W$7*B27+$X$7*B28+$Y$7*B29+$Z$7*B30+$AA$7*B31+$AB$7*B32) -> 0 | C37: =IF($B$7=0,0,$B$7*C6+$C$7*C7+$D$7*C8+$E$7*C9+$F$7*C10+$G$7*C11+$H$7*C12+$I$7*C13+$J$7*C14+$K$7*C15+$L$7*C16+$M$7*C17+$N$7*C18+$O$7*C19+$P$7*C20+$Q$7*C21+$R$7*C22+$S$7*C23+$T$7*C24+$U$7*C25+$V$7*C26+$W$7*C27+$X$7*C28+$Y$7*C29+$Z$7*C30+$AA$7*C31+$AB$7*C32) -> 0 | D37: =IF($B$7=0,0,$B$7*D6+$C$7*D7+$D$7*D8+$E$7*D9+$F$7*D10+$G$7*D11+$H$7*D12+$I$7*D13+$J$7*D14+$K$7*D15+$L$7*D16+$M$7*D17+$N$7*D18+$O$7*D19+$P$7*D20+$Q$7*D21+$R$7*D22+$S$7*D23+$T$7*D24+$U$7*D25+$V$7*D26+$W$7*D27+$X$7*D28+$Y$7*D29+$Z$7*D30+$AA$7*D31+$AB$7*D32) -> 0 | E37: =IF($B$7=0,0,$B$7*E6+$C$7*E7+$D$7*E8+$E$7*E9+$F$7*E10+$G$7*E11+$H$7*E12+$I$7*E13+$J$7*E14+$K$7*E15+$L$7*E16+$M$7*E17+$N$7*E18+$O$7*E19+$P$7*E20+$Q$7*E21+$R$7*E22+$S$7*E23+$T$7*E24+$U$7*E25+$V$7*E26+$W$7*E27+$X$7*E28+$Y$7*E29+$Z$7*E30+$AA$7*E31+$AB$7*E32) -> 0 | F37: =IF($B$7=0,0,$B$7*F6+$C$7*F7+$D$7*F8+$E$7*F9+$F$7*F10+$G$7*F11+$H$7*F12+$I$7*F13+$J$7*F14+$K$7*F15+$L$7*F16+$M$7*F17+$N$7*F18+$O$7*F19+$P$7*F20+$Q$7*F21+$R$7*F22+$S$7*F23+$T$7*F24+$U$7*F25+$V$7*F26+$W$7*F27+$X$7*F28+$Y$7*F29+$Z$7*F30+$AA$7*F31+$AB$7*F32) -> 0 | G37: =IF($B$7=0,0,$B$7*G6+$C$7*G7+$D$7*G8+$E$7*G9+$F$7*G10+$G$7*G11+$H$7*G12+$I$7*G13+$J$7*G14+$K$7*G15+$L$7*G16+$M$7*G17+$N$7*G18+$O$7*G19+$P$7*G20+$Q$7*G21+$R$7*G22+$S$7*G23+$T$7*G24+$U$7*G25+$V$7*G26+$W$7*G27+$X$7*G28+$Y$7*G29+$Z$7*G30+$AA$7*G31+$AB$7*G32) -> 0 | H37: =IF($B$7=0,0,$B$7*H6+$C$7*H7+$D$7*H8+$E$7*H9+$F$7*H10+$G$7*H11+$H$7*H12+$I$7*H13+$J$7*H14+$K$7*H15+$L$7*H16+$M$7*H17+$N$7*H18+$O$7*H19+$P$7*H20+$Q$7*H21+$R$7*H22+$S$7*H23+$T$7*H24+$U$7*H25+$V$7*H26+$W$7*H27+$X$7*H28+$Y$7*H29+$Z$7*H30+$AA$7*H31+$AB$7*H32) -> 0 | I37: =IF($B$7=0,0,$B$7*I6+$C$7*I7+$D$7*I8+$E$7*I9+$F$7*I10+$G$7*I11+$H$7*I12+$I$7*I13+$J$7*I14+$K$7*I15+$L$7*I16+$M$7*I17+$N$7*I18+$O$7*I19+$P$7*I20+$Q$7*I21+$R$7*I22+$S$7*I23+$T$7*I24+$U$7*I25+$V$7*I26+$W$7*I27+$X$7*I28+$Y$7*I29+$Z$7*I30+$AA$7*I31+$AB$7*I32) -> 0 | ... AB37: =IF($B$7=0,0,$B$7*AB6+$C$7*AB7+$D$7*AB8+$E$7*AB9+$F$7*AB10+$G$7*AB11+$H$7*AB12+$I$7*AB13+$J$7*AB14+$K$7*AB15+$L$7*AB16+$M$7*AB17+$N$7*AB18+$O$7*AB19+$P$7*AB20+$Q$7*AB21+$R$7*AB22+$S$7*AB23+$T$7*AB24+$U$7*AB25+$V$7*AB26+$W$7*AB27+$X$7*AB28+$Y$7*AB29+$Z$7*AB30+$AA$7*AB31+$AB$7*AB32) -> 0 | AC37: =SUM(B37:AB37) -> 0 | AD37: =AC37/$AC$63 -> 0
B38: =IF($B$8=0,0,$B$8*B6+$C$8*B7+$D$8*B8+$E$8*B9+$F$8*B10+$G$8*B11+$H$8*B12+$I$8*B13+$J$8*B14+$K$8*B15+$L$8*B16+$M$8*B17+$N$8*B18+$O$8*B19+$P$8*B20+$Q$8*B21+$R$8*B22+$S$8*B23+$T$8*B24+$U$8*B25+$V$8*B26+$W$8*B27+$X$8*B28+$Y$8*B29+$Z$8*B30+$AA$8*B31+$AB$8*B32) -> 0 | C38: =IF($B$8=0,0,$B$8*C6+$C$8*C7+$D$8*C8+$E$8*C9+$F$8*C10+$G$8*C11+$H$8*C12+$I$8*C13+$J$8*C14+$K$8*C15+$L$8*C16+$M$8*C17+$N$8*C18+$O$8*C19+$P$8*C20+$Q$8*C21+$R$8*C22+$S$8*C23+$T$8*C24+$U$8*C25+$V$8*C26+$W$8*C27+$X$8*C28+$Y$8*C29+$Z$8*C30+$AA$8*C31+$AB$8*C32) -> 0 | D38: =IF($B$8=0,0,$B$8*D6+$C$8*D7+$D$8*D8+$E$8*D9+$F$8*D10+$G$8*D11+$H$8*D12+$I$8*D13+$J$8*D14+$K$8*D15+$L$8*D16+$M$8*D17+$N$8*D18+$O$8*D19+$P$8*D20+$Q$8*D21+$R$8*D22+$S$8*D23+$T$8*D24+$U$8*D25+$V$8*D26+$W$8*D27+$X$8*D28+$Y$8*D29+$Z$8*D30+$AA$8*D31+$AB$8*D32) -> 0 | E38: =IF($B$8=0,0,$B$8*E6+$C$8*E7+$D$8*E8+$E$8*E9+$F$8*E10+$G$8*E11+$H$8*E12+$I$8*E13+$J$8*E14+$K$8*E15+$L$8*E16+$M$8*E17+$N$8*E18+$O$8*E19+$P$8*E20+$Q$8*E21+$R$8*E22+$S$8*E23+$T$8*E24+$U$8*E25+$V$8*E26+$W$8*E27+$X$8*E28+$Y$8*E29+$Z$8*E30+$AA$8*E31+$AB$8*E32) -> 0 | F38: =IF($B$8=0,0,$B$8*F6+$C$8*F7+$D$8*F8+$E$8*F9+$F$8*F10+$G$8*F11+$H$8*F12+$I$8*F13+$J$8*F14+$K$8*F15+$L$8*F16+$M$8*F17+$N$8*F18+$O$8*F19+$P$8*F20+$Q$8*F21+$R$8*F22+$S$8*F23+$T$8*F24+$U$8*F25+$V$8*F26+$W$8*F27+$X$8*F28+$Y$8*F29+$Z$8*F30+$AA$8*F31+$AB$8*F32) -> 0 | G38: =IF($B$8=0,0,$B$8*G6+$C$8*G7+$D$8*G8+$E$8*G9+$F$8*G10+$G$8*G11+$H$8*G12+$I$8*G13+$J$8*G14+$K$8*G15+$L$8*G16+$M$8*G17+$N$8*G18+$O$8*G19+$P$8*G20+$Q$8*G21+$R$8*G22+$S$8*G23+$T$8*G24+$U$8*G25+$V$8*G26+$W$8*G27+$X$8*G28+$Y$8*G29+$Z$8*G30+$AA$8*G31+$AB$8*G32) -> 0 | H38: =IF($B$8=0,0,$B$8*H6+$C$8*H7+$D$8*H8+$E$8*H9+$F$8*H10+$G$8*H11+$H$8*H12+$I$8*H13+$J$8*H14+$K$8*H15+$L$8*H16+$M$8*H17+$N$8*H18+$O$8*H19+$P$8*H20+$Q$8*H21+$R$8*H22+$S$8*H23+$T$8*H24+$U$8*H25+$V$8*H26+$W$8*H27+$X$8*H28+$Y$8*H29+$Z$8*H30+$AA$8*H31+$AB$8*H32) -> 0 | I38: =IF($B$8=0,0,$B$8*I6+$C$8*I7+$D$8*I8+$E$8*I9+$F$8*I10+$G$8*I11+$H$8*I12+$I$8*I13+$J$8*I14+$K$8*I15+$L$8*I16+$M$8*I17+$N$8*I18+$O$8*I19+$P$8*I20+$Q$8*I21+$R$8*I22+$S$8*I23+$T$8*I24+$U$8*I25+$V$8*I26+$W$8*I27+$X$8*I28+$Y$8*I29+$Z$8*I30+$AA$8*I31+$AB$8*I32) -> 0 | ... AB38: =IF($B$8=0,0,$B$8*AB6+$C$8*AB7+$D$8*AB8+$E$8*AB9+$F$8*AB10+$G$8*AB11+$H$8*AB12+$I$8*AB13+$J$8*AB14+$K$8*AB15+$L$8*AB16+$M$8*AB17+$N$8*AB18+$O$8*AB19+$P$8*AB20+$Q$8*AB21+$R$8*AB22+$S$8*AB23+$T$8*AB24+$U$8*AB25+$V$8*AB26+$W$8*AB27+$X$8*AB28+$Y$8*AB29+$Z$8*AB30+$AA$8*AB31+$AB$8*AB32) -> 0 | AC38: =SUM(B38:AB38) -> 0 | AD38: =AC38/$AC$63 -> 0
B39: =IF($B$9=0,0,$B$9*B6+$C$9*B7+$D$9*B8+$E$9*B9+$F$9*B10+$G$9*B11+$H$9*B12+$I$9*B13+$J$9*B14+$K$9*B15+$L$9*B16+$M$9*B17+$N$9*B18+$O$9*B19+$P$9*B20+$Q$9*B21+$R$9*B22+$S$9*B23+$T$9*B24+$U$9*B25+$V$9*B26+$W$9*B27+$X$9*B28+$Y$9*B29+$Z$9*B30+$AA$9*B31+$AB$9*B32) -> 0 | C39: =IF($B$9=0,0,$B$9*C6+$C$9*C7+$D$9*C8+$E$9*C9+$F$9*C10+$G$9*C11+$H$9*C12+$I$9*C13+$J$9*C14+$K$9*C15+$L$9*C16+$M$9*C17+$N$9*C18+$O$9*C19+$P$9*C20+$Q$9*C21+$R$9*C22+$S$9*C23+$T$9*C24+$U$9*C25+$V$9*C26+$W$9*C27+$X$9*C28+$Y$9*C29+$Z$9*C30+$AA$9*C31+$AB$9*C32) -> 0 | D39: =IF($B$9=0,0,$B$9*D6+$C$9*D7+$D$9*D8+$E$9*D9+$F$9*D10+$G$9*D11+$H$9*D12+$I$9*D13+$J$9*D14+$K$9*D15+$L$9*D16+$M$9*D17+$N$9*D18+$O$9*D19+$P$9*D20+$Q$9*D21+$R$9*D22+$S$9*D23+$T$9*D24+$U$9*D25+$V$9*D26+$W$9*D27+$X$9*D28+$Y$9*D29+$Z$9*D30+$AA$9*D31+$AB$9*D32) -> 0 | E39: =IF($B$9=0,0,$B$9*E6+$C$9*E7+$D$9*E8+$E$9*E9+$F$9*E10+$G$9*E11+$H$9*E12+$I$9*E13+$J$9*E14+$K$9*E15+$L$9*E16+$M$9*E17+$N$9*E18+$O$9*E19+$P$9*E20+$Q$9*E21+$R$9*E22+$S$9*E23+$T$9*E24+$U$9*E25+$V$9*E26+$W$9*E27+$X$9*E28+$Y$9*E29+$Z$9*E30+$AA$9*E31+$AB$9*E32) -> 0 | F39: =IF($B$9=0,0,$B$9*F6+$C$9*F7+$D$9*F8+$E$9*F9+$F$9*F10+$G$9*F11+$H$9*F12+$I$9*F13+$J$9*F14+$K$9*F15+$L$9*F16+$M$9*F17+$N$9*F18+$O$9*F19+$P$9*F20+$Q$9*F21+$R$9*F22+$S$9*F23+$T$9*F24+$U$9*F25+$V$9*F26+$W$9*F27+$X$9*F28+$Y$9*F29+$Z$9*F30+$AA$9*F31+$AB$9*F32) -> 0 | G39: =IF($B$9=0,0,$B$9*G6+$C$9*G7+$D$9*G8+$E$9*G9+$F$9*G10+$G$9*G11+$H$9*G12+$I$9*G13+$J$9*G14+$K$9*G15+$L$9*G16+$M$9*G17+$N$9*G18+$O$9*G19+$P$9*G20+$Q$9*G21+$R$9*G22+$S$9*G23+$T$9*G24+$U$9*G25+$V$9*G26+$W$9*G27+$X$9*G28+$Y$9*G29+$Z$9*G30+$AA$9*G31+$AB$9*G32) -> 0 | H39: =IF($B$9=0,0,$B$9*H6+$C$9*H7+$D$9*H8+$E$9*H9+$F$9*H10+$G$9*H11+$H$9*H12+$I$9*H13+$J$9*H14+$K$9*H15+$L$9*H16+$M$9*H17+$N$9*H18+$O$9*H19+$P$9*H20+$Q$9*H21+$R$9*H22+$S$9*H23+$T$9*H24+$U$9*H25+$V$9*H26+$W$9*H27+$X$9*H28+$Y$9*H29+$Z$9*H30+$AA$9*H31+$AB$9*H32) -> 0 | I39: =IF($B$9=0,0,$B$9*I6+$C$9*I7+$D$9*I8+$E$9*I9+$F$9*I10+$G$9*I11+$H$9*I12+$I$9*I13+$J$9*I14+$K$9*I15+$L$9*I16+$M$9*I17+$N$9*I18+$O$9*I19+$P$9*I20+$Q$9*I21+$R$9*I22+$S$9*I23+$T$9*I24+$U$9*I25+$V$9*I26+$W$9*I27+$X$9*I28+$Y$9*I29+$Z$9*I30+$AA$9*I31+$AB$9*I32) -> 0 | ... AB39: =IF($B$9=0,0,$B$9*AB6+$C$9*AB7+$D$9*AB8+$E$9*AB9+$F$9*AB10+$G$9*AB11+$H$9*AB12+$I$9*AB13+$J$9*AB14+$K$9*AB15+$L$9*AB16+$M$9*AB17+$N$9*AB18+$O$9*AB19+$P$9*AB20+$Q$9*AB21+$R$9*AB22+$S$9*AB23+$T$9*AB24+$U$9*AB25+$V$9*AB26+$W$9*AB27+$X$9*AB28+$Y$9*AB29+$Z$9*AB30+$AA$9*AB31+$AB$9*AB32) -> 0 | AC39: =SUM(B39:AB39) -> 0 | AD39: =AC39/$AC$63 -> 0
B40: =IF($B$10=0,0,$B$10*B6+$C$10*B7+$D$10*B8+$E$10*B9+$F$10*B10+$G$10*B11+$H$10*B12+$I$10*B13+$J$10*B14+$K$10*B15+$L$10*B16+$M$10*B17+$N$10*B18+$O$10*B19+$P$10*B20+$Q$10*B21+$R$10*B22+$S$10*B23+$T$10*B24+$U$10*B25+$V$10*B26+$W$10*B27+$X$10*B28+$Y$10*B29+$Z$10*B30+$AA$10*B31+$AB$10*B32) -> 0 | C40: =IF($B$10=0,0,$B$10*C6+$C$10*C7+$D$10*C8+$E$10*C9+$F$10*C10+$G$10*C11+$H$10*C12+$I$10*C13+$J$10*C14+$K$10*C15+$L$10*C16+$M$10*C17+$N$10*C18+$O$10*C19+$P$10*C20+$Q$10*C21+$R$10*C22+$S$10*C23+$T$10*C24+$U$10*C25+$V$10*C26+$W$10*C27+$X$10*C28+$Y$10*C29+$Z$10*C30+$AA$10*C31+$AB$10*C32) -> 0 | D40: =IF($B$10=0,0,$B$10*D6+$C$10*D7+$D$10*D8+$E$10*D9+$F$10*D10+$G$10*D11+$H$10*D12+$I$10*D13+$J$10*D14+$K$10*D15+$L$10*D16+$M$10*D17+$N$10*D18+$O$10*D19+$P$10*D20+$Q$10*D21+$R$10*D22+$S$10*D23+$T$10*D24+$U$10*D25+$V$10*D26+$W$10*D27+$X$10*D28+$Y$10*D29+$Z$10*D30+$AA$10*D31+$AB$10*D32) -> 0 | E40: =IF($B$10=0,0,$B$10*E6+$C$10*E7+$D$10*E8+$E$10*E9+$F$10*E10+$G$10*E11+$H$10*E12+$I$10*E13+$J$10*E14+$K$10*E15+$L$10*E16+$M$10*E17+$N$10*E18+$O$10*E19+$P$10*E20+$Q$10*E21+$R$10*E22+$S$10*E23+$T$10*E24+$U$10*E25+$V$10*E26+$W$10*E27+$X$10*E28+$Y$10*E29+$Z$10*E30+$AA$10*E31+$AB$10*E32) -> 0 | F40: =IF($B$10=0,0,$B$10*F6+$C$10*F7+$D$10*F8+$E$10*F9+$F$10*F10+$G$10*F11+$H$10*F12+$I$10*F13+$J$10*F14+$K$10*F15+$L$10*F16+$M$10*F17+$N$10*F18+$O$10*F19+$P$10*F20+$Q$10*F21+$R$10*F22+$S$10*F23+$T$10*F24+$U$10*F25+$V$10*F26+$W$10*F27+$X$10*F28+$Y$10*F29+$Z$10*F30+$AA$10*F31+$AB$10*F32) -> 0 | G40: =IF($B$10=0,0,$B$10*G6+$C$10*G7+$D$10*G8+$E$10*G9+$F$10*G10+$G$10*G11+$H$10*G12+$I$10*G13+$J$10*G14+$K$10*G15+$L$10*G16+$M$10*G17+$N$10*G18+$O$10*G19+$P$10*G20+$Q$10*G21+$R$10*G22+$S$10*G23+$T$10*G24+$U$10*G25+$V$10*G26+$W$10*G27+$X$10*G28+$Y$10*G29+$Z$10*G30+$AA$10*G31+$AB$10*G32) -> 0 | H40: =IF($B$10=0,0,$B$10*H6+$C$10*H7+$D$10*H8+$E$10*H9+$F$10*H10+$G$10*H11+$H$10*H12+$I$10*H13+$J$10*H14+$K$10*H15+$L$10*H16+$M$10*H17+$N$10*H18+$O$10*H19+$P$10*H20+$Q$10*H21+$R$10*H22+$S$10*H23+$T$10*H24+$U$10*H25+$V$10*H26+$W$10*H27+$X$10*H28+$Y$10*H29+$Z$10*H30+$AA$10*H31+$AB$10*H32) -> 0 | I40: =IF($B$10=0,0,$B$10*I6+$C$10*I7+$D$10*I8+$E$10*I9+$F$10*I10+$G$10*I11+$H$10*I12+$I$10*I13+$J$10*I14+$K$10*I15+$L$10*I16+$M$10*I17+$N$10*I18+$O$10*I19+$P$10*I20+$Q$10*I21+$R$10*I22+$S$10*I23+$T$10*I24+$U$10*I25+$V$10*I26+$W$10*I27+$X$10*I28+$Y$10*I29+$Z$10*I30+$AA$10*I31+$AB$10*I32) -> 0 | ... AB40: =IF($B$10=0,0,$B$10*AB6+$C$10*AB7+$D$10*AB8+$E$10*AB9+$F$10*AB10+$G$10*AB11+$H$10*AB12+$I$10*AB13+$J$10*AB14+$K$10*AB15+$L$10*AB16+$M$10*AB17+$N$10*AB18+$O$10*AB19+$P$10*AB20+$Q$10*AB21+$R$10*AB22+$S$10*AB23+$T$10*AB24+$U$10*AB25+$V$10*AB26+$W$10*AB27+$X$10*AB28+$Y$10*AB29+$Z$10*AB30+$AA$10*AB31+$AB$10*AB32) -> 0 | AC40: =SUM(B40:AB40) -> 0 | AD40: =AC40/$AC$63 -> 0
B41: =IF($B$11=0,0,$B$11*B6+$C$11*B7+$D$11*B8+$E$11*B9+$F$11*B10+$G$11*B11+$H$11*B12+$I$11*B13+$J$11*B14+$K$11*B15+$L$11*B16+$M$11*B17+$N$11*B18+$O$11*B19+$P$11*B20+$Q$11*B21+$R$11*B22+$S$11*B23+$T$11*B24+$U$11*B25+$V$11*B26+$W$11*B27+$X$11*B28+$Y$11*B29+$Z$11*B30+$AA$11*B31+$AB$11*B32) -> 0 | C41: =IF($B$11=0,0,$B$11*C6+$C$11*C7+$D$11*C8+$E$11*C9+$F$11*C10+$G$11*C11+$H$11*C12+$I$11*C13+$J$11*C14+$K$11*C15+$L$11*C16+$M$11*C17+$N$11*C18+$O$11*C19+$P$11*C20+$Q$11*C21+$R$11*C22+$S$11*C23+$T$11*C24+$U$11*C25+$V$11*C26+$W$11*C27+$X$11*C28+$Y$11*C29+$Z$11*C30+$AA$11*C31+$AB$11*C32) -> 0 | D41: =IF($B$11=0,0,$B$11*D6+$C$11*D7+$D$11*D8+$E$11*D9+$F$11*D10+$G$11*D11+$H$11*D12+$I$11*D13+$J$11*D14+$K$11*D15+$L$11*D16+$M$11*D17+$N$11*D18+$O$11*D19+$P$11*D20+$Q$11*D21+$R$11*D22+$S$11*D23+$T$11*D24+$U$11*D25+$V$11*D26+$W$11*D27+$X$11*D28+$Y$11*D29+$Z$11*D30+$AA$11*D31+$AB$11*D32) -> 0 | E41: =IF($B$11=0,0,$B$11*E6+$C$11*E7+$D$11*E8+$E$11*E9+$F$11*E10+$G$11*E11+$H$11*E12+$I$11*E13+$J$11*E14+$K$11*E15+$L$11*E16+$M$11*E17+$N$11*E18+$O$11*E19+$P$11*E20+$Q$11*E21+$R$11*E22+$S$11*E23+$T$11*E24+$U$11*E25+$V$11*E26+$W$11*E27+$X$11*E28+$Y$11*E29+$Z$11*E30+$AA$11*E31+$AB$11*E32) -> 0 | F41: =IF($B$11=0,0,$B$11*F6+$C$11*F7+$D$11*F8+$E$11*F9+$F$11*F10+$G$11*F11+$H$11*F12+$I$11*F13+$J$11*F14+$K$11*F15+$L$11*F16+$M$11*F17+$N$11*F18+$O$11*F19+$P$11*F20+$Q$11*F21+$R$11*F22+$S$11*F23+$T$11*F24+$U$11*F25+$V$11*F26+$W$11*F27+$X$11*F28+$Y$11*F29+$Z$11*F30+$AA$11*F31+$AB$11*F32) -> 0 | G41: =IF($B$11=0,0,$B$11*G6+$C$11*G7+$D$11*G8+$E$11*G9+$F$11*G10+$G$11*G11+$H$11*G12+$I$11*G13+$J$11*G14+$K$11*G15+$L$11*G16+$M$11*G17+$N$11*G18+$O$11*G19+$P$11*G20+$Q$11*G21+$R$11*G22+$S$11*G23+$T$11*G24+$U$11*G25+$V$11*G26+$W$11*G27+$X$11*G28+$Y$11*G29+$Z$11*G30+$AA$11*G31+$AB$11*G32) -> 0 | H41: =IF($B$11=0,0,$B$11*H6+$C$11*H7+$D$11*H8+$E$11*H9+$F$11*H10+$G$11*H11+$H$11*H12+$I$11*H13+$J$11*H14+$K$11*H15+$L$11*H16+$M$11*H17+$N$11*H18+$O$11*H19+$P$11*H20+$Q$11*H21+$R$11*H22+$S$11*H23+$T$11*H24+$U$11*H25+$V$11*H26+$W$11*H27+$X$11*H28+$Y$11*H29+$Z$11*H30+$AA$11*H31+$AB$11*H32) -> 0 | I41: =IF($B$11=0,0,$B$11*I6+$C$11*I7+$D$11*I8+$E$11*I9+$F$11*I10+$G$11*I11+$H$11*I12+$I$11*I13+$J$11*I14+$K$11*I15+$L$11*I16+$M$11*I17+$N$11*I18+$O$11*I19+$P$11*I20+$Q$11*I21+$R$11*I22+$S$11*I23+$T$11*I24+$U$11*I25+$V$11*I26+$W$11*I27+$X$11*I28+$Y$11*I29+$Z$11*I30+$AA$11*I31+$AB$11*I32) -> 0 | ... AB41: =IF($B$11=0,0,$B$11*AB6+$C$11*AB7+$D$11*AB8+$E$11*AB9+$F$11*AB10+$G$11*AB11+$H$11*AB12+$I$11*AB13+$J$11*AB14+$K$11*AB15+$L$11*AB16+$M$11*AB17+$N$11*AB18+$O$11*AB19+$P$11*AB20+$Q$11*AB21+$R$11*AB22+$S$11*AB23+$T$11*AB24+$U$11*AB25+$V$11*AB26+$W$11*AB27+$X$11*AB28+$Y$11*AB29+$Z$11*AB30+$AA$11*AB31+$AB$11*AB32) -> 0 | AC41: =SUM(B41:AB41) -> 0 | AD41: =AC41/$AC$63 -> 0
B42: =IF($B$12=0,0,$B$12*B6+$C$12*B7+$D$12*B8+$E$12*B9+$F$12*B10+$G$12*B11+$H$12*B12+$I$12*B13+$J$12*B14+$K$12*B15+$L$12*B16+$M$12*B17+$N$12*B18+$O$12*B19+$P$12*B20+$Q$12*B21+$R$12*B22+$S$12*B23+$T$12*B24+$U$12*B25+$V$12*B26+$W$12*B27+$X$12*B28+$Y$12*B29+$Z$12*B30+$AA$12*B31+$AB$12*B32) -> 0 | C42: =IF($B$12=0,0,$B$12*C6+$C$12*C7+$D$12*C8+$E$12*C9+$F$12*C10+$G$12*C11+$H$12*C12+$I$12*C13+$J$12*C14+$K$12*C15+$L$12*C16+$M$12*C17+$N$12*C18+$O$12*C19+$P$12*C20+$Q$12*C21+$R$12*C22+$S$12*C23+$T$12*C24+$U$12*C25+$V$12*C26+$W$12*C27+$X$12*C28+$Y$12*C29+$Z$12*C30+$AA$12*C31+$AB$12*C32) -> 0 | D42: =IF($B$12=0,0,$B$12*D6+$C$12*D7+$D$12*D8+$E$12*D9+$F$12*D10+$G$12*D11+$H$12*D12+$I$12*D13+$J$12*D14+$K$12*D15+$L$12*D16+$M$12*D17+$N$12*D18+$O$12*D19+$P$12*D20+$Q$12*D21+$R$12*D22+$S$12*D23+$T$12*D24+$U$12*D25+$V$12*D26+$W$12*D27+$X$12*D28+$Y$12*D29+$Z$12*D30+$AA$12*D31+$AB$12*D32) -> 0 | E42: =IF($B$12=0,0,$B$12*E6+$C$12*E7+$D$12*E8+$E$12*E9+$F$12*E10+$G$12*E11+$H$12*E12+$I$12*E13+$J$12*E14+$K$12*E15+$L$12*E16+$M$12*E17+$N$12*E18+$O$12*E19+$P$12*E20+$Q$12*E21+$R$12*E22+$S$12*E23+$T$12*E24+$U$12*E25+$V$12*E26+$W$12*E27+$X$12*E28+$Y$12*E29+$Z$12*E30+$AA$12*E31+$AB$12*E32) -> 0 | F42: =IF($B$12=0,0,$B$12*F6+$C$12*F7+$D$12*F8+$E$12*F9+$F$12*F10+$G$12*F11+$H$12*F12+$I$12*F13+$J$12*F14+$K$12*F15+$L$12*F16+$M$12*F17+$N$12*F18+$O$12*F19+$P$12*F20+$Q$12*F21+$R$12*F22+$S$12*F23+$T$12*F24+$U$12*F25+$V$12*F26+$W$12*F27+$X$12*F28+$Y$12*F29+$Z$12*F30+$AA$12*F31+$AB$12*F32) -> 0 | G42: =IF($B$12=0,0,$B$12*G6+$C$12*G7+$D$12*G8+$E$12*G9+$F$12*G10+$G$12*G11+$H$12*G12+$I$12*G13+$J$12*G14+$K$12*G15+$L$12*G16+$M$12*G17+$N$12*G18+$O$12*G19+$P$12*G20+$Q$12*G21+$R$12*G22+$S$12*G23+$T$12*G24+$U$12*G25+$V$12*G26+$W$12*G27+$X$12*G28+$Y$12*G29+$Z$12*G30+$AA$12*G31+$AB$12*G32) -> 0 | H42: =IF($B$12=0,0,$B$12*H6+$C$12*H7+$D$12*H8+$E$12*H9+$F$12*H10+$G$12*H11+$H$12*H12+$I$12*H13+$J$12*H14+$K$12*H15+$L$12*H16+$M$12*H17+$N$12*H18+$O$12*H19+$P$12*H20+$Q$12*H21+$R$12*H22+$S$12*H23+$T$12*H24+$U$12*H25+$V$12*H26+$W$12*H27+$X$12*H28+$Y$12*H29+$Z$12*H30+$AA$12*H31+$AB$12*H32) -> 0 | I42: =IF($B$12=0,0,$B$12*I6+$C$12*I7+$D$12*I8+$E$12*I9+$F$12*I10+$G$12*I11+$H$12*I12+$I$12*I13+$J$12*I14+$K$12*I15+$L$12*I16+$M$12*I17+$N$12*I18+$O$12*I19+$P$12*I20+$Q$12*I21+$R$12*I22+$S$12*I23+$T$12*I24+$U$12*I25+$V$12*I26+$W$12*I27+$X$12*I28+$Y$12*I29+$Z$12*I30+$AA$12*I31+$AB$12*I32) -> 0 | ... AB42: =IF($B$12=0,0,$B$12*AB6+$C$12*AB7+$D$12*AB8+$E$12*AB9+$F$12*AB10+$G$12*AB11+$H$12*AB12+$I$12*AB13+$J$12*AB14+$K$12*AB15+$L$12*AB16+$M$12*AB17+$N$12*AB18+$O$12*AB19+$P$12*AB20+$Q$12*AB21+$R$12*AB22+$S$12*AB23+$T$12*AB24+$U$12*AB25+$V$12*AB26+$W$12*AB27+$X$12*AB28+$Y$12*AB29+$Z$12*AB30+$AA$12*AB31+$AB$12*AB32) -> 0 | AC42: =SUM(B42:AB42) -> 0 | AD42: =AC42/$AC$63 -> 0
B43: =IF($B$13=0,0,$B$13*B6+$C$13*B7+$D$13*B8+$E$13*B9+$F$13*B10+$G$13*B11+$H$13*B12+$I$13*B13+$J$13*B14+$K$13*B15+$L$13*B16+$M$13*B17+$N$13*B18+$O$13*B19+$P$13*B20+$Q$13*B21+$R$13*B22+$S$13*B23+$T$13*B24+$U$13*B25+$V$13*B26+$W$13*B27+$X$13*B28+$Y$13*B29+$Z$13*B30+$AA$13*B31+$AB$13*B32) -> 0 | C43: =IF($B$13=0,0,$B$13*C6+$C$13*C7+$D$13*C8+$E$13*C9+$F$13*C10+$G$13*C11+$H$13*C12+$I$13*C13+$J$13*C14+$K$13*C15+$L$13*C16+$M$13*C17+$N$13*C18+$O$13*C19+$P$13*C20+$Q$13*C21+$R$13*C22+$S$13*C23+$T$13*C24+$U$13*C25+$V$13*C26+$W$13*C27+$X$13*C28+$Y$13*C29+$Z$13*C30+$AA$13*C31+$AB$13*C32) -> 0 | D43: =IF($B$13=0,0,$B$13*D6+$C$13*D7+$D$13*D8+$E$13*D9+$F$13*D10+$G$13*D11+$H$13*D12+$I$13*D13+$J$13*D14+$K$13*D15+$L$13*D16+$M$13*D17+$N$13*D18+$O$13*D19+$P$13*D20+$Q$13*D21+$R$13*D22+$S$13*D23+$T$13*D24+$U$13*D25+$V$13*D26+$W$13*D27+$X$13*D28+$Y$13*D29+$Z$13*D30+$AA$13*D31+$AB$13*D32) -> 0 | E43: =IF($B$13=0,0,$B$13*E6+$C$13*E7+$D$13*E8+$E$13*E9+$F$13*E10+$G$13*E11+$H$13*E12+$I$13*E13+$J$13*E14+$K$13*E15+$L$13*E16+$M$13*E17+$N$13*E18+$O$13*E19+$P$13*E20+$Q$13*E21+$R$13*E22+$S$13*E23+$T$13*E24+$U$13*E25+$V$13*E26+$W$13*E27+$X$13*E28+$Y$13*E29+$Z$13*E30+$AA$13*E31+$AB$13*E32) -> 0 | F43: =IF($B$13=0,0,$B$13*F6+$C$13*F7+$D$13*F8+$E$13*F9+$F$13*F10+$G$13*F11+$H$13*F12+$I$13*F13+$J$13*F14+$K$13*F15+$L$13*F16+$M$13*F17+$N$13*F18+$O$13*F19+$P$13*F20+$Q$13*F21+$R$13*F22+$S$13*F23+$T$13*F24+$U$13*F25+$V$13*F26+$W$13*F27+$X$13*F28+$Y$13*F29+$Z$13*F30+$AA$13*F31+$AB$13*F32) -> 0 | G43: =IF($B$13=0,0,$B$13*G6+$C$13*G7+$D$13*G8+$E$13*G9+$F$13*G10+$G$13*G11+$H$13*G12+$I$13*G13+$J$13*G14+$K$13*G15+$L$13*G16+$M$13*G17+$N$13*G18+$O$13*G19+$P$13*G20+$Q$13*G21+$R$13*G22+$S$13*G23+$T$13*G24+$U$13*G25+$V$13*G26+$W$13*G27+$X$13*G28+$Y$13*G29+$Z$13*G30+$AA$13*G31+$AB$13*G32) -> 0 | H43: =IF($B$13=0,0,$B$13*H6+$C$13*H7+$D$13*H8+$E$13*H9+$F$13*H10+$G$13*H11+$H$13*H12+$I$13*H13+$J$13*H14+$K$13*H15+$L$13*H16+$M$13*H17+$N$13*H18+$O$13*H19+$P$13*H20+$Q$13*H21+$R$13*H22+$S$13*H23+$T$13*H24+$U$13*H25+$V$13*H26+$W$13*H27+$X$13*H28+$Y$13*H29+$Z$13*H30+$AA$13*H31+$AB$13*H32) -> 0 | I43: =IF($B$13=0,0,$B$13*I6+$C$13*I7+$D$13*I8+$E$13*I9+$F$13*I10+$G$13*I11+$H$13*I12+$I$13*I13+$J$13*I14+$K$13*I15+$L$13*I16+$M$13*I17+$N$13*I18+$O$13*I19+$P$13*I20+$Q$13*I21+$R$13*I22+$S$13*I23+$T$13*I24+$U$13*I25+$V$13*I26+$W$13*I27+$X$13*I28+$Y$13*I29+$Z$13*I30+$AA$13*I31+$AB$13*I32) -> 0 | ... AB43: =IF($B$13=0,0,$B$13*AB6+$C$13*AB7+$D$13*AB8+$E$13*AB9+$F$13*AB10+$G$13*AB11+$H$13*AB12+$I$13*AB13+$J$13*AB14+$K$13*AB15+$L$13*AB16+$M$13*AB17+$N$13*AB18+$O$13*AB19+$P$13*AB20+$Q$13*AB21+$R$13*AB22+$S$13*AB23+$T$13*AB24+$U$13*AB25+$V$13*AB26+$W$13*AB27+$X$13*AB28+$Y$13*AB29+$Z$13*AB30+$AA$13*AB31+$AB$13*AB32) -> 0 | AC43: =SUM(B43:AB43) -> 0 | AD43: =AC43/$AC$63 -> 0
B44: =IF($B$14=0,0,$B$14*B6+$C$14*B7+$D$14*B8+$E$14*B9+$F$14*B10+$G$14*B11+$H$14*B12+$I$14*B13+$J$14*B14+$K$14*B15+$L$14*B16+$M$14*B17+$N$14*B18+$O$14*B19+$P$14*B20+$Q$14*B21+$R$14*B22+$S$14*B23+$T$14*B24+$U$14*B25+$V$14*B26+$W$14*B27+$X$14*B28+$Y$14*B29+$Z$14*B30+$AA$14*B31+$AB$14*B32) -> 0 | C44: =IF($B$14=0,0,$B$14*C6+$C$14*C7+$D$14*C8+$E$14*C9+$F$14*C10+$G$14*C11+$H$14*C12+$I$14*C13+$J$14*C14+$K$14*C15+$L$14*C16+$M$14*C17+$N$14*C18+$O$14*C19+$P$14*C20+$Q$14*C21+$R$14*C22+$S$14*C23+$T$14*C24+$U$14*C25+$V$14*C26+$W$14*C27+$X$14*C28+$Y$14*C29+$Z$14*C30+$AA$14*C31+$AB$14*C32) -> 0 | D44: =IF($B$14=0,0,$B$14*D6+$C$14*D7+$D$14*D8+$E$14*D9+$F$14*D10+$G$14*D11+$H$14*D12+$I$14*D13+$J$14*D14+$K$14*D15+$L$14*D16+$M$14*D17+$N$14*D18+$O$14*D19+$P$14*D20+$Q$14*D21+$R$14*D22+$S$14*D23+$T$14*D24+$U$14*D25+$V$14*D26+$W$14*D27+$X$14*D28+$Y$14*D29+$Z$14*D30+$AA$14*D31+$AB$14*D32) -> 0 | E44: =IF($B$14=0,0,$B$14*E6+$C$14*E7+$D$14*E8+$E$14*E9+$F$14*E10+$G$14*E11+$H$14*E12+$I$14*E13+$J$14*E14+$K$14*E15+$L$14*E16+$M$14*E17+$N$14*E18+$O$14*E19+$P$14*E20+$Q$14*E21+$R$14*E22+$S$14*E23+$T$14*E24+$U$14*E25+$V$14*E26+$W$14*E27+$X$14*E28+$Y$14*E29+$Z$14*E30+$AA$14*E31+$AB$14*E32) -> 0 | F44: =IF($B$14=0,0,$B$14*F6+$C$14*F7+$D$14*F8+$E$14*F9+$F$14*F10+$G$14*F11+$H$14*F12+$I$14*F13+$J$14*F14+$K$14*F15+$L$14*F16+$M$14*F17+$N$14*F18+$O$14*F19+$P$14*F20+$Q$14*F21+$R$14*F22+$S$14*F23+$T$14*F24+$U$14*F25+$V$14*F26+$W$14*F27+$X$14*F28+$Y$14*F29+$Z$14*F30+$AA$14*F31+$AB$14*F32) -> 0 | G44: =IF($B$14=0,0,$B$14*G6+$C$14*G7+$D$14*G8+$E$14*G9+$F$14*G10+$G$14*G11+$H$14*G12+$I$14*G13+$J$14*G14+$K$14*G15+$L$14*G16+$M$14*G17+$N$14*G18+$O$14*G19+$P$14*G20+$Q$14*G21+$R$14*G22+$S$14*G23+$T$14*G24+$U$14*G25+$V$14*G26+$W$14*G27+$X$14*G28+$Y$14*G29+$Z$14*G30+$AA$14*G31+$AB$14*G32) -> 0 | H44: =IF($B$14=0,0,$B$14*H6+$C$14*H7+$D$14*H8+$E$14*H9+$F$14*H10+$G$14*H11+$H$14*H12+$I$14*H13+$J$14*H14+$K$14*H15+$L$14*H16+$M$14*H17+$N$14*H18+$O$14*H19+$P$14*H20+$Q$14*H21+$R$14*H22+$S$14*H23+$T$14*H24+$U$14*H25+$V$14*H26+$W$14*H27+$X$14*H28+$Y$14*H29+$Z$14*H30+$AA$14*H31+$AB$14*H32) -> 0 | I44: =IF($B$14=0,0,$B$14*I6+$C$14*I7+$D$14*I8+$E$14*I9+$F$14*I10+$G$14*I11+$H$14*I12+$I$14*I13+$J$14*I14+$K$14*I15+$L$14*I16+$M$14*I17+$N$14*I18+$O$14*I19+$P$14*I20+$Q$14*I21+$R$14*I22+$S$14*I23+$T$14*I24+$U$14*I25+$V$14*I26+$W$14*I27+$X$14*I28+$Y$14*I29+$Z$14*I30+$AA$14*I31+$AB$14*I32) -> 0 | ... AB44: =IF($B$14=0,0,$B$14*AB6+$C$14*AB7+$D$14*AB8+$E$14*AB9+$F$14*AB10+$G$14*AB11+$H$14*AB12+$I$14*AB13+$J$14*AB14+$K$14*AB15+$L$14*AB16+$M$14*AB17+$N$14*AB18+$O$14*AB19+$P$14*AB20+$Q$14*AB21+$R$14*AB22+$S$14*AB23+$T$14*AB24+$U$14*AB25+$V$14*AB26+$W$14*AB27+$X$14*AB28+$Y$14*AB29+$Z$14*AB30+$AA$14*AB31+$AB$14*AB32) -> 0 | AC44: =SUM(B44:AB44) -> 0 | AD44: =AC44/$AC$63 -> 0
B45: =IF($B$15=0,0,$B$15*B6+$C$15*B7+$D$15*B8+$E$15*B9+$F$15*B10+$G$15*B11+$H$15*B12+$I$15*B13+$J$15*B14+$K$15*B15+$L$15*B16+$M$15*B17+$N$15*B18+$O$15*B19+$P$15*B20+$Q$15*B21+$R$15*B22+$S$15*B23+$T$15*B24+$U$15*B25+$V$15*B26+$W$15*B27+$X$15*B28+$Y$15*B29+$Z$15*B30+$AA$15*B31+$AB$15*B32) -> 0 | C45: =IF($B$15=0,0,$B$15*C6+$C$15*C7+$D$15*C8+$E$15*C9+$F$15*C10+$G$15*C11+$H$15*C12+$I$15*C13+$J$15*C14+$K$15*C15+$L$15*C16+$M$15*C17+$N$15*C18+$O$15*C19+$P$15*C20+$Q$15*C21+$R$15*C22+$S$15*C23+$T$15*C24+$U$15*C25+$V$15*C26+$W$15*C27+$X$15*C28+$Y$15*C29+$Z$15*C30+$AA$15*C31+$AB$15*C32) -> 0 | D45: =IF($B$15=0,0,$B$15*D6+$C$15*D7+$D$15*D8+$E$15*D9+$F$15*D10+$G$15*D11+$H$15*D12+$I$15*D13+$J$15*D14+$K$15*D15+$L$15*D16+$M$15*D17+$N$15*D18+$O$15*D19+$P$15*D20+$Q$15*D21+$R$15*D22+$S$15*D23+$T$15*D24+$U$15*D25+$V$15*D26+$W$15*D27+$X$15*D28+$Y$15*D29+$Z$15*D30+$AA$15*D31+$AB$15*D32) -> 0 | E45: =IF($B$15=0,0,$B$15*E6+$C$15*E7+$D$15*E8+$E$15*E9+$F$15*E10+$G$15*E11+$H$15*E12+$I$15*E13+$J$15*E14+$K$15*E15+$L$15*E16+$M$15*E17+$N$15*E18+$O$15*E19+$P$15*E20+$Q$15*E21+$R$15*E22+$S$15*E23+$T$15*E24+$U$15*E25+$V$15*E26+$W$15*E27+$X$15*E28+$Y$15*E29+$Z$15*E30+$AA$15*E31+$AB$15*E32) -> 0 | F45: =IF($B$15=0,0,$B$15*F6+$C$15*F7+$D$15*F8+$E$15*F9+$F$15*F10+$G$15*F11+$H$15*F12+$I$15*F13+$J$15*F14+$K$15*F15+$L$15*F16+$M$15*F17+$N$15*F18+$O$15*F19+$P$15*F20+$Q$15*F21+$R$15*F22+$S$15*F23+$T$15*F24+$U$15*F25+$V$15*F26+$W$15*F27+$X$15*F28+$Y$15*F29+$Z$15*F30+$AA$15*F31+$AB$15*F32) -> 0 | G45: =IF($B$15=0,0,$B$15*G6+$C$15*G7+$D$15*G8+$E$15*G9+$F$15*G10+$G$15*G11+$H$15*G12+$I$15*G13+$J$15*G14+$K$15*G15+$L$15*G16+$M$15*G17+$N$15*G18+$O$15*G19+$P$15*G20+$Q$15*G21+$R$15*G22+$S$15*G23+$T$15*G24+$U$15*G25+$V$15*G26+$W$15*G27+$X$15*G28+$Y$15*G29+$Z$15*G30+$AA$15*G31+$AB$15*G32) -> 0 | H45: =IF($B$15=0,0,$B$15*H6+$C$15*H7+$D$15*H8+$E$15*H9+$F$15*H10+$G$15*H11+$H$15*H12+$I$15*H13+$J$15*H14+$K$15*H15+$L$15*H16+$M$15*H17+$N$15*H18+$O$15*H19+$P$15*H20+$Q$15*H21+$R$15*H22+$S$15*H23+$T$15*H24+$U$15*H25+$V$15*H26+$W$15*H27+$X$15*H28+$Y$15*H29+$Z$15*H30+$AA$15*H31+$AB$15*H32) -> 0 | I45: =IF($B$15=0,0,$B$15*I6+$C$15*I7+$D$15*I8+$E$15*I9+$F$15*I10+$G$15*I11+$H$15*I12+$I$15*I13+$J$15*I14+$K$15*I15+$L$15*I16+$M$15*I17+$N$15*I18+$O$15*I19+$P$15*I20+$Q$15*I21+$R$15*I22+$S$15*I23+$T$15*I24+$U$15*I25+$V$15*I26+$W$15*I27+$X$15*I28+$Y$15*I29+$Z$15*I30+$AA$15*I31+$AB$15*I32) -> 0 | ... AB45: =IF($B$15=0,0,$B$15*AB6+$C$15*AB7+$D$15*AB8+$E$15*AB9+$F$15*AB10+$G$15*AB11+$H$15*AB12+$I$15*AB13+$J$15*AB14+$K$15*AB15+$L$15*AB16+$M$15*AB17+$N$15*AB18+$O$15*AB19+$P$15*AB20+$Q$15*AB21+$R$15*AB22+$S$15*AB23+$T$15*AB24+$U$15*AB25+$V$15*AB26+$W$15*AB27+$X$15*AB28+$Y$15*AB29+$Z$15*AB30+$AA$15*AB31+$AB$15*AB32) -> 0 | AC45: =SUM(B45:AB45) -> 0 | AD45: =AC45/$AC$63 -> 0
B46: =IF($B$16=0,0,$B$16*B6+$C$16*B7+$D$16*B8+$E$16*B9+$F$16*B10+$G$16*B11+$H$16*B12+$I$16*B13+$J$16*B14+$K$16*B15+$L$16*B16+$M$16*B17+$N$16*B18+$O$16*B19+$P$16*B20+$Q$16*B21+$R$16*B22+$S$16*B23+$T$16*B24+$U$16*B25+$V$16*B26+$W$16*B27+$X$16*B28+$Y$16*B29+$Z$16*B30+$AA$16*B31+$AB$16*B32) -> 0 | C46: =IF($B$16=0,0,$B$16*C6+$C$16*C7+$D$16*C8+$E$16*C9+$F$16*C10+$G$16*C11+$H$16*C12+$I$16*C13+$J$16*C14+$K$16*C15+$L$16*C16+$M$16*C17+$N$16*C18+$O$16*C19+$P$16*C20+$Q$16*C21+$R$16*C22+$S$16*C23+$T$16*C24+$U$16*C25+$V$16*C26+$W$16*C27+$X$16*C28+$Y$16*C29+$Z$16*C30+$AA$16*C31+$AB$16*C32) -> 0 | D46: =IF($B$16=0,0,$B$16*D6+$C$16*D7+$D$16*D8+$E$16*D9+$F$16*D10+$G$16*D11+$H$16*D12+$I$16*D13+$J$16*D14+$K$16*D15+$L$16*D16+$M$16*D17+$N$16*D18+$O$16*D19+$P$16*D20+$Q$16*D21+$R$16*D22+$S$16*D23+$T$16*D24+$U$16*D25+$V$16*D26+$W$16*D27+$X$16*D28+$Y$16*D29+$Z$16*D30+$AA$16*D31+$AB$16*D32) -> 0 | E46: =IF($B$16=0,0,$B$16*E6+$C$16*E7+$D$16*E8+$E$16*E9+$F$16*E10+$G$16*E11+$H$16*E12+$I$16*E13+$J$16*E14+$K$16*E15+$L$16*E16+$M$16*E17+$N$16*E18+$O$16*E19+$P$16*E20+$Q$16*E21+$R$16*E22+$S$16*E23+$T$16*E24+$U$16*E25+$V$16*E26+$W$16*E27+$X$16*E28+$Y$16*E29+$Z$16*E30+$AA$16*E31+$AB$16*E32) -> 0 | F46: =IF($B$16=0,0,$B$16*F6+$C$16*F7+$D$16*F8+$E$16*F9+$F$16*F10+$G$16*F11+$H$16*F12+$I$16*F13+$J$16*F14+$K$16*F15+$L$16*F16+$M$16*F17+$N$16*F18+$O$16*F19+$P$16*F20+$Q$16*F21+$R$16*F22+$S$16*F23+$T$16*F24+$U$16*F25+$V$16*F26+$W$16*F27+$X$16*F28+$Y$16*F29+$Z$16*F30+$AA$16*F31+$AB$16*F32) -> 0 | G46: =IF($B$16=0,0,$B$16*G6+$C$16*G7+$D$16*G8+$E$16*G9+$F$16*G10+$G$16*G11+$H$16*G12+$I$16*G13+$J$16*G14+$K$16*G15+$L$16*G16+$M$16*G17+$N$16*G18+$O$16*G19+$P$16*G20+$Q$16*G21+$R$16*G22+$S$16*G23+$T$16*G24+$U$16*G25+$V$16*G26+$W$16*G27+$X$16*G28+$Y$16*G29+$Z$16*G30+$AA$16*G31+$AB$16*G32) -> 0 | H46: =IF($B$16=0,0,$B$16*H6+$C$16*H7+$D$16*H8+$E$16*H9+$F$16*H10+$G$16*H11+$H$16*H12+$I$16*H13+$J$16*H14+$K$16*H15+$L$16*H16+$M$16*H17+$N$16*H18+$O$16*H19+$P$16*H20+$Q$16*H21+$R$16*H22+$S$16*H23+$T$16*H24+$U$16*H25+$V$16*H26+$W$16*H27+$X$16*H28+$Y$16*H29+$Z$16*H30+$AA$16*H31+$AB$16*H32) -> 0 | I46: =IF($B$16=0,0,$B$16*I6+$C$16*I7+$D$16*I8+$E$16*I9+$F$16*I10+$G$16*I11+$H$16*I12+$I$16*I13+$J$16*I14+$K$16*I15+$L$16*I16+$M$16*I17+$N$16*I18+$O$16*I19+$P$16*I20+$Q$16*I21+$R$16*I22+$S$16*I23+$T$16*I24+$U$16*I25+$V$16*I26+$W$16*I27+$X$16*I28+$Y$16*I29+$Z$16*I30+$AA$16*I31+$AB$16*I32) -> 0 | ... AB46: =IF($B$16=0,0,$B$16*AB6+$C$16*AB7+$D$16*AB8+$E$16*AB9+$F$16*AB10+$G$16*AB11+$H$16*AB12+$I$16*AB13+$J$16*AB14+$K$16*AB15+$L$16*AB16+$M$16*AB17+$N$16*AB18+$O$16*AB19+$P$16*AB20+$Q$16*AB21+$R$16*AB22+$S$16*AB23+$T$16*AB24+$U$16*AB25+$V$16*AB26+$W$16*AB27+$X$16*AB28+$Y$16*AB29+$Z$16*AB30+$AA$16*AB31+$AB$16*AB32) -> 0 | AC46: =SUM(B46:AB46) -> 0 | AD46: =AC46/$AC$63 -> 0
B47: =IF($B$17=0,0,$B$17*B6+$C$17*B7+$D$17*B8+$E$17*B9+$F$17*B10+$G$17*B11+$H$17*B12+$I$17*B13+$J$17*B14+$K$17*B15+$L$17*B16+$M$17*B17+$N$17*B18+$O$17*B19+$P$17*B20+$Q$17*B21+$R$17*B22+$S$17*B23+$T$17*B24+$U$17*B25+$V$17*B26+$W$17*B27+$X$17*B28+$Y$17*B29+$Z$17*B30+$AA$17*B31+$AB$17*B32) -> 0 | C47: =IF($B$17=0,0,$B$17*C6+$C$17*C7+$D$17*C8+$E$17*C9+$F$17*C10+$G$17*C11+$H$17*C12+$I$17*C13+$J$17*C14+$K$17*C15+$L$17*C16+$M$17*C17+$N$17*C18+$O$17*C19+$P$17*C20+$Q$17*C21+$R$17*C22+$S$17*C23+$T$17*C24+$U$17*C25+$V$17*C26+$W$17*C27+$X$17*C28+$Y$17*C29+$Z$17*C30+$AA$17*C31+$AB$17*C32) -> 0 | D47: =IF($B$17=0,0,$B$17*D6+$C$17*D7+$D$17*D8+$E$17*D9+$F$17*D10+$G$17*D11+$H$17*D12+$I$17*D13+$J$17*D14+$K$17*D15+$L$17*D16+$M$17*D17+$N$17*D18+$O$17*D19+$P$17*D20+$Q$17*D21+$R$17*D22+$S$17*D23+$T$17*D24+$U$17*D25+$V$17*D26+$W$17*D27+$X$17*D28+$Y$17*D29+$Z$17*D30+$AA$17*D31+$AB$17*D32) -> 0 | E47: =IF($B$17=0,0,$B$17*E6+$C$17*E7+$D$17*E8+$E$17*E9+$F$17*E10+$G$17*E11+$H$17*E12+$I$17*E13+$J$17*E14+$K$17*E15+$L$17*E16+$M$17*E17+$N$17*E18+$O$17*E19+$P$17*E20+$Q$17*E21+$R$17*E22+$S$17*E23+$T$17*E24+$U$17*E25+$V$17*E26+$W$17*E27+$X$17*E28+$Y$17*E29+$Z$17*E30+$AA$17*E31+$AB$17*E32) -> 0 | F47: =IF($B$17=0,0,$B$17*F6+$C$17*F7+$D$17*F8+$E$17*F9+$F$17*F10+$G$17*F11+$H$17*F12+$I$17*F13+$J$17*F14+$K$17*F15+$L$17*F16+$M$17*F17+$N$17*F18+$O$17*F19+$P$17*F20+$Q$17*F21+$R$17*F22+$S$17*F23+$T$17*F24+$U$17*F25+$V$17*F26+$W$17*F27+$X$17*F28+$Y$17*F29+$Z$17*F30+$AA$17*F31+$AB$17*F32) -> 0 | G47: =IF($B$17=0,0,$B$17*G6+$C$17*G7+$D$17*G8+$E$17*G9+$F$17*G10+$G$17*G11+$H$17*G12+$I$17*G13+$J$17*G14+$K$17*G15+$L$17*G16+$M$17*G17+$N$17*G18+$O$17*G19+$P$17*G20+$Q$17*G21+$R$17*G22+$S$17*G23+$T$17*G24+$U$17*G25+$V$17*G26+$W$17*G27+$X$17*G28+$Y$17*G29+$Z$17*G30+$AA$17*G31+$AB$17*G32) -> 0 | H47: =IF($B$17=0,0,$B$17*H6+$C$17*H7+$D$17*H8+$E$17*H9+$F$17*H10+$G$17*H11+$H$17*H12+$I$17*H13+$J$17*H14+$K$17*H15+$L$17*H16+$M$17*H17+$N$17*H18+$O$17*H19+$P$17*H20+$Q$17*H21+$R$17*H22+$S$17*H23+$T$17*H24+$U$17*H25+$V$17*H26+$W$17*H27+$X$17*H28+$Y$17*H29+$Z$17*H30+$AA$17*H31+$AB$17*H32) -> 0 | I47: =IF($B$17=0,0,$B$17*I6+$C$17*I7+$D$17*I8+$E$17*I9+$F$17*I10+$G$17*I11+$H$17*I12+$I$17*I13+$J$17*I14+$K$17*I15+$L$17*I16+$M$17*I17+$N$17*I18+$O$17*I19+$P$17*I20+$Q$17*I21+$R$17*I22+$S$17*I23+$T$17*I24+$U$17*I25+$V$17*I26+$W$17*I27+$X$17*I28+$Y$17*I29+$Z$17*I30+$AA$17*I31+$AB$17*I32) -> 0 | ... AB47: =IF($B$17=0,0,$B$17*AB6+$C$17*AB7+$D$17*AB8+$E$17*AB9+$F$17*AB10+$G$17*AB11+$H$17*AB12+$I$17*AB13+$J$17*AB14+$K$17*AB15+$L$17*AB16+$M$17*AB17+$N$17*AB18+$O$17*AB19+$P$17*AB20+$Q$17*AB21+$R$17*AB22+$S$17*AB23+$T$17*AB24+$U$17*AB25+$V$17*AB26+$W$17*AB27+$X$17*AB28+$Y$17*AB29+$Z$17*AB30+$AA$17*AB31+$AB$17*AB32) -> 0 | AC47: =SUM(B47:AB47) -> 0 | AD47: =AC47/$AC$63 -> 0
B48: =IF($B$18=0,0,$B$18*B6+$C$18*B7+$D$18*B8+$E$18*B9+$F$18*B10+$G$18*B11+$H$18*B12+$I$18*B13+$J$18*B14+$K$18*B15+$L$18*B16+$M$18*B17+$N$18*B18+$O$18*B19+$P$18*B20+$Q$18*B21+$R$18*B22+$S$18*B23+$T$18*B24+$U$18*B25+$V$18*B26+$W$18*B27+$X$18*B28+$Y$18*B29+$Z$18*B30+$AA$18*B31+$AB$18*B32) -> 0 | C48: =IF($B$18=0,0,$B$18*C6+$C$18*C7+$D$18*C8+$E$18*C9+$F$18*C10+$G$18*C11+$H$18*C12+$I$18*C13+$J$18*C14+$K$18*C15+$L$18*C16+$M$18*C17+$N$18*C18+$O$18*C19+$P$18*C20+$Q$18*C21+$R$18*C22+$S$18*C23+$T$18*C24+$U$18*C25+$V$18*C26+$W$18*C27+$X$18*C28+$Y$18*C29+$Z$18*C30+$AA$18*C31+$AB$18*C32) -> 0 | D48: =IF($B$18=0,0,$B$18*D6+$C$18*D7+$D$18*D8+$E$18*D9+$F$18*D10+$G$18*D11+$H$18*D12+$I$18*D13+$J$18*D14+$K$18*D15+$L$18*D16+$M$18*D17+$N$18*D18+$O$18*D19+$P$18*D20+$Q$18*D21+$R$18*D22+$S$18*D23+$T$18*D24+$U$18*D25+$V$18*D26+$W$18*D27+$X$18*D28+$Y$18*D29+$Z$18*D30+$AA$18*D31+$AB$18*D32) -> 0 | E48: =IF($B$18=0,0,$B$18*E6+$C$18*E7+$D$18*E8+$E$18*E9+$F$18*E10+$G$18*E11+$H$18*E12+$I$18*E13+$J$18*E14+$K$18*E15+$L$18*E16+$M$18*E17+$N$18*E18+$O$18*E19+$P$18*E20+$Q$18*E21+$R$18*E22+$S$18*E23+$T$18*E24+$U$18*E25+$V$18*E26+$W$18*E27+$X$18*E28+$Y$18*E29+$Z$18*E30+$AA$18*E31+$AB$18*E32) -> 0 | F48: =IF($B$18=0,0,$B$18*F6+$C$18*F7+$D$18*F8+$E$18*F9+$F$18*F10+$G$18*F11+$H$18*F12+$I$18*F13+$J$18*F14+$K$18*F15+$L$18*F16+$M$18*F17+$N$18*F18+$O$18*F19+$P$18*F20+$Q$18*F21+$R$18*F22+$S$18*F23+$T$18*F24+$U$18*F25+$V$18*F26+$W$18*F27+$X$18*F28+$Y$18*F29+$Z$18*F30+$AA$18*F31+$AB$18*F32) -> 0 | G48: =IF($B$18=0,0,$B$18*G6+$C$18*G7+$D$18*G8+$E$18*G9+$F$18*G10+$G$18*G11+$H$18*G12+$I$18*G13+$J$18*G14+$K$18*G15+$L$18*G16+$M$18*G17+$N$18*G18+$O$18*G19+$P$18*G20+$Q$18*G21+$R$18*G22+$S$18*G23+$T$18*G24+$U$18*G25+$V$18*G26+$W$18*G27+$X$18*G28+$Y$18*G29+$Z$18*G30+$AA$18*G31+$AB$18*G32) -> 0 | H48: =IF($B$18=0,0,$B$18*H6+$C$18*H7+$D$18*H8+$E$18*H9+$F$18*H10+$G$18*H11+$H$18*H12+$I$18*H13+$J$18*H14+$K$18*H15+$L$18*H16+$M$18*H17+$N$18*H18+$O$18*H19+$P$18*H20+$Q$18*H21+$R$18*H22+$S$18*H23+$T$18*H24+$U$18*H25+$V$18*H26+$W$18*H27+$X$18*H28+$Y$18*H29+$Z$18*H30+$AA$18*H31+$AB$18*H32) -> 0 | I48: =IF($B$18=0,0,$B$18*I6+$C$18*I7+$D$18*I8+$E$18*I9+$F$18*I10+$G$18*I11+$H$18*I12+$I$18*I13+$J$18*I14+$K$18*I15+$L$18*I16+$M$18*I17+$N$18*I18+$O$18*I19+$P$18*I20+$Q$18*I21+$R$18*I22+$S$18*I23+$T$18*I24+$U$18*I25+$V$18*I26+$W$18*I27+$X$18*I28+$Y$18*I29+$Z$18*I30+$AA$18*I31+$AB$18*I32) -> 0 | ... AB48: =IF($B$18=0,0,$B$18*AB6+$C$18*AB7+$D$18*AB8+$E$18*AB9+$F$18*AB10+$G$18*AB11+$H$18*AB12+$I$18*AB13+$J$18*AB14+$K$18*AB15+$L$18*AB16+$M$18*AB17+$N$18*AB18+$O$18*AB19+$P$18*AB20+$Q$18*AB21+$R$18*AB22+$S$18*AB23+$T$18*AB24+$U$18*AB25+$V$18*AB26+$W$18*AB27+$X$18*AB28+$Y$18*AB29+$Z$18*AB30+$AA$18*AB31+$AB$18*AB32) -> 0 | AC48: =SUM(B48:AB48) -> 0 | AD48: =AC48/$AC$63 -> 0
B49: =IF($B$19=0,0,$B$19*B6+$C$19*B7+$D$19*B8+$E$19*B9+$F$19*B10+$G$19*B11+$H$19*B12+$I$19*B13+$J$19*B14+$K$19*B15+$L$19*B16+$M$19*B17+$N$19*B18+$O$19*B19+$P$19*B20+$Q$19*B21+$R$19*B22+$S$19*B23+$T$19*B24+$U$19*B25+$V$19*B26+$W$19*B27+$X$19*B28+$Y$19*B29+$Z$19*B30+$AA$19*B31+$AB$19*B32) -> 0 | C49: =IF($B$19=0,0,$B$19*C6+$C$19*C7+$D$19*C8+$E$19*C9+$F$19*C10+$G$19*C11+$H$19*C12+$I$19*C13+$J$19*C14+$K$19*C15+$L$19*C16+$M$19*C17+$N$19*C18+$O$19*C19+$P$19*C20+$Q$19*C21+$R$19*C22+$S$19*C23+$T$19*C24+$U$19*C25+$V$19*C26+$W$19*C27+$X$19*C28+$Y$19*C29+$Z$19*C30+$AA$19*C31+$AB$19*C32) -> 0 | D49: =IF($B$19=0,0,$B$19*D6+$C$19*D7+$D$19*D8+$E$19*D9+$F$19*D10+$G$19*D11+$H$19*D12+$I$19*D13+$J$19*D14+$K$19*D15+$L$19*D16+$M$19*D17+$N$19*D18+$O$19*D19+$P$19*D20+$Q$19*D21+$R$19*D22+$S$19*D23+$T$19*D24+$U$19*D25+$V$19*D26+$W$19*D27+$X$19*D28+$Y$19*D29+$Z$19*D30+$AA$19*D31+$AB$19*D32) -> 0 | E49: =IF($B$19=0,0,$B$19*E6+$C$19*E7+$D$19*E8+$E$19*E9+$F$19*E10+$G$19*E11+$H$19*E12+$I$19*E13+$J$19*E14+$K$19*E15+$L$19*E16+$M$19*E17+$N$19*E18+$O$19*E19+$P$19*E20+$Q$19*E21+$R$19*E22+$S$19*E23+$T$19*E24+$U$19*E25+$V$19*E26+$W$19*E27+$X$19*E28+$Y$19*E29+$Z$19*E30+$AA$19*E31+$AB$19*E32) -> 0 | F49: =IF($B$19=0,0,$B$19*F6+$C$19*F7+$D$19*F8+$E$19*F9+$F$19*F10+$G$19*F11+$H$19*F12+$I$19*F13+$J$19*F14+$K$19*F15+$L$19*F16+$M$19*F17+$N$19*F18+$O$19*F19+$P$19*F20+$Q$19*F21+$R$19*F22+$S$19*F23+$T$19*F24+$U$19*F25+$V$19*F26+$W$19*F27+$X$19*F28+$Y$19*F29+$Z$19*F30+$AA$19*F31+$AB$19*F32) -> 0 | G49: =IF($B$19=0,0,$B$19*G6+$C$19*G7+$D$19*G8+$E$19*G9+$F$19*G10+$G$19*G11+$H$19*G12+$I$19*G13+$J$19*G14+$K$19*G15+$L$19*G16+$M$19*G17+$N$19*G18+$O$19*G19+$P$19*G20+$Q$19*G21+$R$19*G22+$S$19*G23+$T$19*G24+$U$19*G25+$V$19*G26+$W$19*G27+$X$19*G28+$Y$19*G29+$Z$19*G30+$AA$19*G31+$AB$19*G32) -> 0 | H49: =IF($B$19=0,0,$B$19*H6+$C$19*H7+$D$19*H8+$E$19*H9+$F$19*H10+$G$19*H11+$H$19*H12+$I$19*H13+$J$19*H14+$K$19*H15+$L$19*H16+$M$19*H17+$N$19*H18+$O$19*H19+$P$19*H20+$Q$19*H21+$R$19*H22+$S$19*H23+$T$19*H24+$U$19*H25+$V$19*H26+$W$19*H27+$X$19*H28+$Y$19*H29+$Z$19*H30+$AA$19*H31+$AB$19*H32) -> 0 | I49: =IF($B$19=0,0,$B$19*I6+$C$19*I7+$D$19*I8+$E$19*I9+$F$19*I10+$G$19*I11+$H$19*I12+$I$19*I13+$J$19*I14+$K$19*I15+$L$19*I16+$M$19*I17+$N$19*I18+$O$19*I19+$P$19*I20+$Q$19*I21+$R$19*I22+$S$19*I23+$T$19*I24+$U$19*I25+$V$19*I26+$W$19*I27+$X$19*I28+$Y$19*I29+$Z$19*I30+$AA$19*I31+$AB$19*I32) -> 0 | ... AB49: =IF($B$19=0,0,$B$19*AB6+$C$19*AB7+$D$19*AB8+$E$19*AB9+$F$19*AB10+$G$19*AB11+$H$19*AB12+$I$19*AB13+$J$19*AB14+$K$19*AB15+$L$19*AB16+$M$19*AB17+$N$19*AB18+$O$19*AB19+$P$19*AB20+$Q$19*AB21+$R$19*AB22+$S$19*AB23+$T$19*AB24+$U$19*AB25+$V$19*AB26+$W$19*AB27+$X$19*AB28+$Y$19*AB29+$Z$19*AB30+$AA$19*AB31+$AB$19*AB32) -> 0 | AC49: =SUM(B49:AB49) -> 0 | AD49: =AC49/$AC$63 -> 0
B50: =IF($B$20=0,0,$B$20*B6+$C$20*B7+$D$20*B8+$E$20*B9+$F$20*B10+$G$20*B11+$H$20*B12+$I$20*B13+$J$20*B14+$K$20*B15+$L$20*B16+$M$20*B17+$N$20*B18+$O$20*B19+$P$20*B20+$Q$20*B21+$R$20*B22+$S$20*B23+$T$20*B24+$U$20*B25+$V$20*B26+$W$20*B27+$X$20*B28+$Y$20*B29+$Z$20*B30+$AA$20*B31+$AB$20*B32) -> 0 | C50: =IF($B$20=0,0,$B$20*C6+$C$20*C7+$D$20*C8+$E$20*C9+$F$20*C10+$G$20*C11+$H$20*C12+$I$20*C13+$J$20*C14+$K$20*C15+$L$20*C16+$M$20*C17+$N$20*C18+$O$20*C19+$P$20*C20+$Q$20*C21+$R$20*C22+$S$20*C23+$T$20*C24+$U$20*C25+$V$20*C26+$W$20*C27+$X$20*C28+$Y$20*C29+$Z$20*C30+$AA$20*C31+$AB$20*C32) -> 0 | D50: =IF($B$20=0,0,$B$20*D6+$C$20*D7+$D$20*D8+$E$20*D9+$F$20*D10+$G$20*D11+$H$20*D12+$I$20*D13+$J$20*D14+$K$20*D15+$L$20*D16+$M$20*D17+$N$20*D18+$O$20*D19+$P$20*D20+$Q$20*D21+$R$20*D22+$S$20*D23+$T$20*D24+$U$20*D25+$V$20*D26+$W$20*D27+$X$20*D28+$Y$20*D29+$Z$20*D30+$AA$20*D31+$AB$20*D32) -> 0 | E50: =IF($B$20=0,0,$B$20*E6+$C$20*E7+$D$20*E8+$E$20*E9+$F$20*E10+$G$20*E11+$H$20*E12+$I$20*E13+$J$20*E14+$K$20*E15+$L$20*E16+$M$20*E17+$N$20*E18+$O$20*E19+$P$20*E20+$Q$20*E21+$R$20*E22+$S$20*E23+$T$20*E24+$U$20*E25+$V$20*E26+$W$20*E27+$X$20*E28+$Y$20*E29+$Z$20*E30+$AA$20*E31+$AB$20*E32) -> 0 | F50: =IF($B$20=0,0,$B$20*F6+$C$20*F7+$D$20*F8+$E$20*F9+$F$20*F10+$G$20*F11+$H$20*F12+$I$20*F13+$J$20*F14+$K$20*F15+$L$20*F16+$M$20*F17+$N$20*F18+$O$20*F19+$P$20*F20+$Q$20*F21+$R$20*F22+$S$20*F23+$T$20*F24+$U$20*F25+$V$20*F26+$W$20*F27+$X$20*F28+$Y$20*F29+$Z$20*F30+$AA$20*F31+$AB$20*F32) -> 0 | G50: =IF($B$20=0,0,$B$20*G6+$C$20*G7+$D$20*G8+$E$20*G9+$F$20*G10+$G$20*G11+$H$20*G12+$I$20*G13+$J$20*G14+$K$20*G15+$L$20*G16+$M$20*G17+$N$20*G18+$O$20*G19+$P$20*G20+$Q$20*G21+$R$20*G22+$S$20*G23+$T$20*G24+$U$20*G25+$V$20*G26+$W$20*G27+$X$20*G28+$Y$20*G29+$Z$20*G30+$AA$20*G31+$AB$20*G32) -> 0 | H50: =IF($B$20=0,0,$B$20*H6+$C$20*H7+$D$20*H8+$E$20*H9+$F$20*H10+$G$20*H11+$H$20*H12+$I$20*H13+$J$20*H14+$K$20*H15+$L$20*H16+$M$20*H17+$N$20*H18+$O$20*H19+$P$20*H20+$Q$20*H21+$R$20*H22+$S$20*H23+$T$20*H24+$U$20*H25+$V$20*H26+$W$20*H27+$X$20*H28+$Y$20*H29+$Z$20*H30+$AA$20*H31+$AB$20*H32) -> 0 | I50: =IF($B$20=0,0,$B$20*I6+$C$20*I7+$D$20*I8+$E$20*I9+$F$20*I10+$G$20*I11+$H$20*I12+$I$20*I13+$J$20*I14+$K$20*I15+$L$20*I16+$M$20*I17+$N$20*I18+$O$20*I19+$P$20*I20+$Q$20*I21+$R$20*I22+$S$20*I23+$T$20*I24+$U$20*I25+$V$20*I26+$W$20*I27+$X$20*I28+$Y$20*I29+$Z$20*I30+$AA$20*I31+$AB$20*I32) -> 0 | ... AB50: =IF($B$20=0,0,$B$20*AB6+$C$20*AB7+$D$20*AB8+$E$20*AB9+$F$20*AB10+$G$20*AB11+$H$20*AB12+$I$20*AB13+$J$20*AB14+$K$20*AB15+$L$20*AB16+$M$20*AB17+$N$20*AB18+$O$20*AB19+$P$20*AB20+$Q$20*AB21+$R$20*AB22+$S$20*AB23+$T$20*AB24+$U$20*AB25+$V$20*AB26+$W$20*AB27+$X$20*AB28+$Y$20*AB29+$Z$20*AB30+$AA$20*AB31+$AB$20*AB32) -> 0 | AC50: =SUM(B50:AB50) -> 0 | AD50: =AC50/$AC$63 -> 0
B51: =IF($B$21=0,0,$B$21*B6+$C$21*B7+$D$21*B8+$E$21*B9+$F$21*B10+$G$21*B11+$H$21*B12+$I$21*B13+$J$21*B14+$K$21*B15+$L$21*B16+$M$21*B17+$N$21*B18+$O$21*B19+$P$21*B20+$Q$21*B21+$R$21*B22+$S$21*B23+$T$21*B24+$U$21*B25+$V$21*B26+$W$21*B27+$X$21*B28+$Y$21*B29+$Z$21*B30+$AA$21*B31+$AB$21*B32) -> 0 | C51: =IF($B$21=0,0,$B$21*C6+$C$21*C7+$D$21*C8+$E$21*C9+$F$21*C10+$G$21*C11+$H$21*C12+$I$21*C13+$J$21*C14+$K$21*C15+$L$21*C16+$M$21*C17+$N$21*C18+$O$21*C19+$P$21*C20+$Q$21*C21+$R$21*C22+$S$21*C23+$T$21*C24+$U$21*C25+$V$21*C26+$W$21*C27+$X$21*C28+$Y$21*C29+$Z$21*C30+$AA$21*C31+$AB$21*C32) -> 0 | D51: =IF($B$21=0,0,$B$21*D6+$C$21*D7+$D$21*D8+$E$21*D9+$F$21*D10+$G$21*D11+$H$21*D12+$I$21*D13+$J$21*D14+$K$21*D15+$L$21*D16+$M$21*D17+$N$21*D18+$O$21*D19+$P$21*D20+$Q$21*D21+$R$21*D22+$S$21*D23+$T$21*D24+$U$21*D25+$V$21*D26+$W$21*D27+$X$21*D28+$Y$21*D29+$Z$21*D30+$AA$21*D31+$AB$21*D32) -> 0 | E51: =IF($B$21=0,0,$B$21*E6+$C$21*E7+$D$21*E8+$E$21*E9+$F$21*E10+$G$21*E11+$H$21*E12+$I$21*E13+$J$21*E14+$K$21*E15+$L$21*E16+$M$21*E17+$N$21*E18+$O$21*E19+$P$21*E20+$Q$21*E21+$R$21*E22+$S$21*E23+$T$21*E24+$U$21*E25+$V$21*E26+$W$21*E27+$X$21*E28+$Y$21*E29+$Z$21*E30+$AA$21*E31+$AB$21*E32) -> 0 | F51: =IF($B$21=0,0,$B$21*F6+$C$21*F7+$D$21*F8+$E$21*F9+$F$21*F10+$G$21*F11+$H$21*F12+$I$21*F13+$J$21*F14+$K$21*F15+$L$21*F16+$M$21*F17+$N$21*F18+$O$21*F19+$P$21*F20+$Q$21*F21+$R$21*F22+$S$21*F23+$T$21*F24+$U$21*F25+$V$21*F26+$W$21*F27+$X$21*F28+$Y$21*F29+$Z$21*F30+$AA$21*F31+$AB$21*F32) -> 0 | G51: =IF($B$21=0,0,$B$21*G6+$C$21*G7+$D$21*G8+$E$21*G9+$F$21*G10+$G$21*G11+$H$21*G12+$I$21*G13+$J$21*G14+$K$21*G15+$L$21*G16+$M$21*G17+$N$21*G18+$O$21*G19+$P$21*G20+$Q$21*G21+$R$21*G22+$S$21*G23+$T$21*G24+$U$21*G25+$V$21*G26+$W$21*G27+$X$21*G28+$Y$21*G29+$Z$21*G30+$AA$21*G31+$AB$21*G32) -> 0 | H51: =IF($B$21=0,0,$B$21*H6+$C$21*H7+$D$21*H8+$E$21*H9+$F$21*H10+$G$21*H11+$H$21*H12+$I$21*H13+$J$21*H14+$K$21*H15+$L$21*H16+$M$21*H17+$N$21*H18+$O$21*H19+$P$21*H20+$Q$21*H21+$R$21*H22+$S$21*H23+$T$21*H24+$U$21*H25+$V$21*H26+$W$21*H27+$X$21*H28+$Y$21*H29+$Z$21*H30+$AA$21*H31+$AB$21*H32) -> 0 | I51: =IF($B$21=0,0,$B$21*I6+$C$21*I7+$D$21*I8+$E$21*I9+$F$21*I10+$G$21*I11+$H$21*I12+$I$21*I13+$J$21*I14+$K$21*I15+$L$21*I16+$M$21*I17+$N$21*I18+$O$21*I19+$P$21*I20+$Q$21*I21+$R$21*I22+$S$21*I23+$T$21*I24+$U$21*I25+$V$21*I26+$W$21*I27+$X$21*I28+$Y$21*I29+$Z$21*I30+$AA$21*I31+$AB$21*I32) -> 0 | ... AB51: =IF($B$21=0,0,$B$21*AB6+$C$21*AB7+$D$21*AB8+$E$21*AB9+$F$21*AB10+$G$21*AB11+$H$21*AB12+$I$21*AB13+$J$21*AB14+$K$21*AB15+$L$21*AB16+$M$21*AB17+$N$21*AB18+$O$21*AB19+$P$21*AB20+$Q$21*AB21+$R$21*AB22+$S$21*AB23+$T$21*AB24+$U$21*AB25+$V$21*AB26+$W$21*AB27+$X$21*AB28+$Y$21*AB29+$Z$21*AB30+$AA$21*AB31+$AB$21*AB32) -> 0 | AC51: =SUM(B51:AB51) -> 0 | AD51: =AC51/$AC$63 -> 0
B52: =IF($B$22=0,0,$B$22*B6+$C$22*B7+$D$22*B8+$E$22*B9+$F$22*B10+$G$22*B11+$H$22*B12+$I$22*B13+$J$22*B14+$K$22*B15+$L$22*B16+$M$22*B17+$N$22*B18+$O$22*B19+$P$22*B20+$Q$22*B21+$R$22*B22+$S$22*B23+$T$22*B24+$U$22*B25+$V$22*B26+$W$22*B27+$X$22*B28+$Y$22*B29+$Z$22*B30+$AA$22*B31+$AB$22*B32) -> 0 | C52: =IF($B$22=0,0,$B$22*C6+$C$22*C7+$D$22*C8+$E$22*C9+$F$22*C10+$G$22*C11+$H$22*C12+$I$22*C13+$J$22*C14+$K$22*C15+$L$22*C16+$M$22*C17+$N$22*C18+$O$22*C19+$P$22*C20+$Q$22*C21+$R$22*C22+$S$22*C23+$T$22*C24+$U$22*C25+$V$22*C26+$W$22*C27+$X$22*C28+$Y$22*C29+$Z$22*C30+$AA$22*C31+$AB$22*C32) -> 0 | D52: =IF($B$22=0,0,$B$22*D6+$C$22*D7+$D$22*D8+$E$22*D9+$F$22*D10+$G$22*D11+$H$22*D12+$I$22*D13+$J$22*D14+$K$22*D15+$L$22*D16+$M$22*D17+$N$22*D18+$O$22*D19+$P$22*D20+$Q$22*D21+$R$22*D22+$S$22*D23+$T$22*D24+$U$22*D25+$V$22*D26+$W$22*D27+$X$22*D28+$Y$22*D29+$Z$22*D30+$AA$22*D31+$AB$22*D32) -> 0 | E52: =IF($B$22=0,0,$B$22*E6+$C$22*E7+$D$22*E8+$E$22*E9+$F$22*E10+$G$22*E11+$H$22*E12+$I$22*E13+$J$22*E14+$K$22*E15+$L$22*E16+$M$22*E17+$N$22*E18+$O$22*E19+$P$22*E20+$Q$22*E21+$R$22*E22+$S$22*E23+$T$22*E24+$U$22*E25+$V$22*E26+$W$22*E27+$X$22*E28+$Y$22*E29+$Z$22*E30+$AA$22*E31+$AB$22*E32) -> 0 | F52: =IF($B$22=0,0,$B$22*F6+$C$22*F7+$D$22*F8+$E$22*F9+$F$22*F10+$G$22*F11+$H$22*F12+$I$22*F13+$J$22*F14+$K$22*F15+$L$22*F16+$M$22*F17+$N$22*F18+$O$22*F19+$P$22*F20+$Q$22*F21+$R$22*F22+$S$22*F23+$T$22*F24+$U$22*F25+$V$22*F26+$W$22*F27+$X$22*F28+$Y$22*F29+$Z$22*F30+$AA$22*F31+$AB$22*F32) -> 0 | G52: =IF($B$22=0,0,$B$22*G6+$C$22*G7+$D$22*G8+$E$22*G9+$F$22*G10+$G$22*G11+$H$22*G12+$I$22*G13+$J$22*G14+$K$22*G15+$L$22*G16+$M$22*G17+$N$22*G18+$O$22*G19+$P$22*G20+$Q$22*G21+$R$22*G22+$S$22*G23+$T$22*G24+$U$22*G25+$V$22*G26+$W$22*G27+$X$22*G28+$Y$22*G29+$Z$22*G30+$AA$22*G31+$AB$22*G32) -> 0 | H52: =IF($B$22=0,0,$B$22*H6+$C$22*H7+$D$22*H8+$E$22*H9+$F$22*H10+$G$22*H11+$H$22*H12+$I$22*H13+$J$22*H14+$K$22*H15+$L$22*H16+$M$22*H17+$N$22*H18+$O$22*H19+$P$22*H20+$Q$22*H21+$R$22*H22+$S$22*H23+$T$22*H24+$U$22*H25+$V$22*H26+$W$22*H27+$X$22*H28+$Y$22*H29+$Z$22*H30+$AA$22*H31+$AB$22*H32) -> 0 | I52: =IF($B$22=0,0,$B$22*I6+$C$22*I7+$D$22*I8+$E$22*I9+$F$22*I10+$G$22*I11+$H$22*I12+$I$22*I13+$J$22*I14+$K$22*I15+$L$22*I16+$M$22*I17+$N$22*I18+$O$22*I19+$P$22*I20+$Q$22*I21+$R$22*I22+$S$22*I23+$T$22*I24+$U$22*I25+$V$22*I26+$W$22*I27+$X$22*I28+$Y$22*I29+$Z$22*I30+$AA$22*I31+$AB$22*I32) -> 0 | ... AB52: =IF($B$22=0,0,$B$22*AB6+$C$22*AB7+$D$22*AB8+$E$22*AB9+$F$22*AB10+$G$22*AB11+$H$22*AB12+$I$22*AB13+$J$22*AB14+$K$22*AB15+$L$22*AB16+$M$22*AB17+$N$22*AB18+$O$22*AB19+$P$22*AB20+$Q$22*AB21+$R$22*AB22+$S$22*AB23+$T$22*AB24+$U$22*AB25+$V$22*AB26+$W$22*AB27+$X$22*AB28+$Y$22*AB29+$Z$22*AB30+$AA$22*AB31+$AB$22*AB32) -> 0 | AC52: =SUM(B52:AB52) -> 0 | AD52: =AC52/$AC$63 -> 0
B53: =IF($B$23=0,0,$B$23*B6+$C$23*B7+$D$23*B8+$E$23*B9+$F$23*B10+$G$23*B11+$H$23*B12+$I$23*B13+$J$23*B14+$K$23*B15+$L$23*B16+$M$23*B17+$N$23*B18+$O$23*B19+$P$23*B20+$Q$23*B21+$R$23*B22+$S$23*B23+$T$23*B24+$U$23*B25+$V$23*B26+$W$23*B27+$X$23*B28+$Y$23*B29+$Z$23*B30+$AA$23*B31+$AB$23*B32) -> 0 | C53: =IF($B$23=0,0,$B$23*C6+$C$23*C7+$D$23*C8+$E$23*C9+$F$23*C10+$G$23*C11+$H$23*C12+$I$23*C13+$J$23*C14+$K$23*C15+$L$23*C16+$M$23*C17+$N$23*C18+$O$23*C19+$P$23*C20+$Q$23*C21+$R$23*C22+$S$23*C23+$T$23*C24+$U$23*C25+$V$23*C26+$W$23*C27+$X$23*C28+$Y$23*C29+$Z$23*C30+$AA$23*C31+$AB$23*C32) -> 0 | D53: =IF($B$23=0,0,$B$23*D6+$C$23*D7+$D$23*D8+$E$23*D9+$F$23*D10+$G$23*D11+$H$23*D12+$I$23*D13+$J$23*D14+$K$23*D15+$L$23*D16+$M$23*D17+$N$23*D18+$O$23*D19+$P$23*D20+$Q$23*D21+$R$23*D22+$S$23*D23+$T$23*D24+$U$23*D25+$V$23*D26+$W$23*D27+$X$23*D28+$Y$23*D29+$Z$23*D30+$AA$23*D31+$AB$23*D32) -> 0 | E53: =IF($B$23=0,0,$B$23*E6+$C$23*E7+$D$23*E8+$E$23*E9+$F$23*E10+$G$23*E11+$H$23*E12+$I$23*E13+$J$23*E14+$K$23*E15+$L$23*E16+$M$23*E17+$N$23*E18+$O$23*E19+$P$23*E20+$Q$23*E21+$R$23*E22+$S$23*E23+$T$23*E24+$U$23*E25+$V$23*E26+$W$23*E27+$X$23*E28+$Y$23*E29+$Z$23*E30+$AA$23*E31+$AB$23*E32) -> 0 | F53: =IF($B$23=0,0,$B$23*F6+$C$23*F7+$D$23*F8+$E$23*F9+$F$23*F10+$G$23*F11+$H$23*F12+$I$23*F13+$J$23*F14+$K$23*F15+$L$23*F16+$M$23*F17+$N$23*F18+$O$23*F19+$P$23*F20+$Q$23*F21+$R$23*F22+$S$23*F23+$T$23*F24+$U$23*F25+$V$23*F26+$W$23*F27+$X$23*F28+$Y$23*F29+$Z$23*F30+$AA$23*F31+$AB$23*F32) -> 0 | G53: =IF($B$23=0,0,$B$23*G6+$C$23*G7+$D$23*G8+$E$23*G9+$F$23*G10+$G$23*G11+$H$23*G12+$I$23*G13+$J$23*G14+$K$23*G15+$L$23*G16+$M$23*G17+$N$23*G18+$O$23*G19+$P$23*G20+$Q$23*G21+$R$23*G22+$S$23*G23+$T$23*G24+$U$23*G25+$V$23*G26+$W$23*G27+$X$23*G28+$Y$23*G29+$Z$23*G30+$AA$23*G31+$AB$23*G32) -> 0 | H53: =IF($B$23=0,0,$B$23*H6+$C$23*H7+$D$23*H8+$E$23*H9+$F$23*H10+$G$23*H11+$H$23*H12+$I$23*H13+$J$23*H14+$K$23*H15+$L$23*H16+$M$23*H17+$N$23*H18+$O$23*H19+$P$23*H20+$Q$23*H21+$R$23*H22+$S$23*H23+$T$23*H24+$U$23*H25+$V$23*H26+$W$23*H27+$X$23*H28+$Y$23*H29+$Z$23*H30+$AA$23*H31+$AB$23*H32) -> 0 | I53: =IF($B$23=0,0,$B$23*I6+$C$23*I7+$D$23*I8+$E$23*I9+$F$23*I10+$G$23*I11+$H$23*I12+$I$23*I13+$J$23*I14+$K$23*I15+$L$23*I16+$M$23*I17+$N$23*I18+$O$23*I19+$P$23*I20+$Q$23*I21+$R$23*I22+$S$23*I23+$T$23*I24+$U$23*I25+$V$23*I26+$W$23*I27+$X$23*I28+$Y$23*I29+$Z$23*I30+$AA$23*I31+$AB$23*I32) -> 0 | ... AB53: =IF($B$23=0,0,$B$23*AB6+$C$23*AB7+$D$23*AB8+$E$23*AB9+$F$23*AB10+$G$23*AB11+$H$23*AB12+$I$23*AB13+$J$23*AB14+$K$23*AB15+$L$23*AB16+$M$23*AB17+$N$23*AB18+$O$23*AB19+$P$23*AB20+$Q$23*AB21+$R$23*AB22+$S$23*AB23+$T$23*AB24+$U$23*AB25+$V$23*AB26+$W$23*AB27+$X$23*AB28+$Y$23*AB29+$Z$23*AB30+$AA$23*AB31+$AB$23*AB32) -> 0 | AC53: =SUM(B53:AB53) -> 0 | AD53: =AC53/$AC$63 -> 0
B54: =IF($B$24=0,0,$B$24*B6+$C$24*B7+$D$24*B8+$E$24*B9+$F$24*B10+$G$24*B11+$H$24*B12+$I$24*B13+$J$24*B14+$K$24*B15+$L$24*B16+$M$24*B17+$N$24*B18+$O$24*B19+$P$24*B20+$Q$24*B21+$R$24*B22+$S$24*B23+$T$24*B24+$U$24*B25+$V$24*B26+$W$24*B27+$X$24*B28+$Y$24*B29+$Z$24*B30+$AA$24*B31+$AB$24*B32) -> 0 | C54: =IF($B$24=0,0,$B$24*C6+$C$24*C7+$D$24*C8+$E$24*C9+$F$24*C10+$G$24*C11+$H$24*C12+$I$24*C13+$J$24*C14+$K$24*C15+$L$24*C16+$M$24*C17+$N$24*C18+$O$24*C19+$P$24*C20+$Q$24*C21+$R$24*C22+$S$24*C23+$T$24*C24+$U$24*C25+$V$24*C26+$W$24*C27+$X$24*C28+$Y$24*C29+$Z$24*C30+$AA$24*C31+$AB$24*C32) -> 0 | D54: =IF($B$24=0,0,$B$24*D6+$C$24*D7+$D$24*D8+$E$24*D9+$F$24*D10+$G$24*D11+$H$24*D12+$I$24*D13+$J$24*D14+$K$24*D15+$L$24*D16+$M$24*D17+$N$24*D18+$O$24*D19+$P$24*D20+$Q$24*D21+$R$24*D22+$S$24*D23+$T$24*D24+$U$24*D25+$V$24*D26+$W$24*D27+$X$24*D28+$Y$24*D29+$Z$24*D30+$AA$24*D31+$AB$24*D32) -> 0 | E54: =IF($B$24=0,0,$B$24*E6+$C$24*E7+$D$24*E8+$E$24*E9+$F$24*E10+$G$24*E11+$H$24*E12+$I$24*E13+$J$24*E14+$K$24*E15+$L$24*E16+$M$24*E17+$N$24*E18+$O$24*E19+$P$24*E20+$Q$24*E21+$R$24*E22+$S$24*E23+$T$24*E24+$U$24*E25+$V$24*E26+$W$24*E27+$X$24*E28+$Y$24*E29+$Z$24*E30+$AA$24*E31+$AB$24*E32) -> 0 | F54: =IF($B$24=0,0,$B$24*F6+$C$24*F7+$D$24*F8+$E$24*F9+$F$24*F10+$G$24*F11+$H$24*F12+$I$24*F13+$J$24*F14+$K$24*F15+$L$24*F16+$M$24*F17+$N$24*F18+$O$24*F19+$P$24*F20+$Q$24*F21+$R$24*F22+$S$24*F23+$T$24*F24+$U$24*F25+$V$24*F26+$W$24*F27+$X$24*F28+$Y$24*F29+$Z$24*F30+$AA$24*F31+$AB$24*F32) -> 0 | G54: =IF($B$24=0,0,$B$24*G6+$C$24*G7+$D$24*G8+$E$24*G9+$F$24*G10+$G$24*G11+$H$24*G12+$I$24*G13+$J$24*G14+$K$24*G15+$L$24*G16+$M$24*G17+$N$24*G18+$O$24*G19+$P$24*G20+$Q$24*G21+$R$24*G22+$S$24*G23+$T$24*G24+$U$24*G25+$V$24*G26+$W$24*G27+$X$24*G28+$Y$24*G29+$Z$24*G30+$AA$24*G31+$AB$24*G32) -> 0 | H54: =IF($B$24=0,0,$B$24*H6+$C$24*H7+$D$24*H8+$E$24*H9+$F$24*H10+$G$24*H11+$H$24*H12+$I$24*H13+$J$24*H14+$K$24*H15+$L$24*H16+$M$24*H17+$N$24*H18+$O$24*H19+$P$24*H20+$Q$24*H21+$R$24*H22+$S$24*H23+$T$24*H24+$U$24*H25+$V$24*H26+$W$24*H27+$X$24*H28+$Y$24*H29+$Z$24*H30+$AA$24*H31+$AB$24*H32) -> 0 | I54: =IF($B$24=0,0,$B$24*I6+$C$24*I7+$D$24*I8+$E$24*I9+$F$24*I10+$G$24*I11+$H$24*I12+$I$24*I13+$J$24*I14+$K$24*I15+$L$24*I16+$M$24*I17+$N$24*I18+$O$24*I19+$P$24*I20+$Q$24*I21+$R$24*I22+$S$24*I23+$T$24*I24+$U$24*I25+$V$24*I26+$W$24*I27+$X$24*I28+$Y$24*I29+$Z$24*I30+$AA$24*I31+$AB$24*I32) -> 0 | ... AB54: =IF($B$24=0,0,$B$24*AB6+$C$24*AB7+$D$24*AB8+$E$24*AB9+$F$24*AB10+$G$24*AB11+$H$24*AB12+$I$24*AB13+$J$24*AB14+$K$24*AB15+$L$24*AB16+$M$24*AB17+$N$24*AB18+$O$24*AB19+$P$24*AB20+$Q$24*AB21+$R$24*AB22+$S$24*AB23+$T$24*AB24+$U$24*AB25+$V$24*AB26+$W$24*AB27+$X$24*AB28+$Y$24*AB29+$Z$24*AB30+$AA$24*AB31+$AB$24*AB32) -> 0 | AC54: =SUM(B54:AB54) -> 0 | AD54: =AC54/$AC$63 -> 0
B55: =IF($B$25=0,0,$B$25*B6+$C$25*B7+$D$25*B8+$E$25*B9+$F$25*B10+$G$25*B11+$H$25*B12+$I$25*B13+$J$25*B14+$K$25*B15+$L$25*B16+$M$25*B17+$N$25*B18+$O$25*B19+$P$25*B20+$Q$25*B21+$R$25*B22+$S$25*B23+$T$25*B24+$U$25*B25+$V$25*B26+$W$25*B27+$X$25*B28+$Y$25*B29+$Z$25*B30+$AA$25*B31+$AB$25*B32) -> 0 | C55: =IF($B$25=0,0,$B$25*C6+$C$25*C7+$D$25*C8+$E$25*C9+$F$25*C10+$G$25*C11+$H$25*C12+$I$25*C13+$J$25*C14+$K$25*C15+$L$25*C16+$M$25*C17+$N$25*C18+$O$25*C19+$P$25*C20+$Q$25*C21+$R$25*C22+$S$25*C23+$T$25*C24+$U$25*C25+$V$25*C26+$W$25*C27+$X$25*C28+$Y$25*C29+$Z$25*C30+$AA$25*C31+$AB$25*C32) -> 0 | D55: =IF($B$25=0,0,$B$25*D6+$C$25*D7+$D$25*D8+$E$25*D9+$F$25*D10+$G$25*D11+$H$25*D12+$I$25*D13+$J$25*D14+$K$25*D15+$L$25*D16+$M$25*D17+$N$25*D18+$O$25*D19+$P$25*D20+$Q$25*D21+$R$25*D22+$S$25*D23+$T$25*D24+$U$25*D25+$V$25*D26+$W$25*D27+$X$25*D28+$Y$25*D29+$Z$25*D30+$AA$25*D31+$AB$25*D32) -> 0 | E55: =IF($B$25=0,0,$B$25*E6+$C$25*E7+$D$25*E8+$E$25*E9+$F$25*E10+$G$25*E11+$H$25*E12+$I$25*E13+$J$25*E14+$K$25*E15+$L$25*E16+$M$25*E17+$N$25*E18+$O$25*E19+$P$25*E20+$Q$25*E21+$R$25*E22+$S$25*E23+$T$25*E24+$U$25*E25+$V$25*E26+$W$25*E27+$X$25*E28+$Y$25*E29+$Z$25*E30+$AA$25*E31+$AB$25*E32) -> 0 | F55: =IF($B$25=0,0,$B$25*F6+$C$25*F7+$D$25*F8+$E$25*F9+$F$25*F10+$G$25*F11+$H$25*F12+$I$25*F13+$J$25*F14+$K$25*F15+$L$25*F16+$M$25*F17+$N$25*F18+$O$25*F19+$P$25*F20+$Q$25*F21+$R$25*F22+$S$25*F23+$T$25*F24+$U$25*F25+$V$25*F26+$W$25*F27+$X$25*F28+$Y$25*F29+$Z$25*F30+$AA$25*F31+$AB$25*F32) -> 0 | G55: =IF($B$25=0,0,$B$25*G6+$C$25*G7+$D$25*G8+$E$25*G9+$F$25*G10+$G$25*G11+$H$25*G12+$I$25*G13+$J$25*G14+$K$25*G15+$L$25*G16+$M$25*G17+$N$25*G18+$O$25*G19+$P$25*G20+$Q$25*G21+$R$25*G22+$S$25*G23+$T$25*G24+$U$25*G25+$V$25*G26+$W$25*G27+$X$25*G28+$Y$25*G29+$Z$25*G30+$AA$25*G31+$AB$25*G32) -> 0 | H55: =IF($B$25=0,0,$B$25*H6+$C$25*H7+$D$25*H8+$E$25*H9+$F$25*H10+$G$25*H11+$H$25*H12+$I$25*H13+$J$25*H14+$K$25*H15+$L$25*H16+$M$25*H17+$N$25*H18+$O$25*H19+$P$25*H20+$Q$25*H21+$R$25*H22+$S$25*H23+$T$25*H24+$U$25*H25+$V$25*H26+$W$25*H27+$X$25*H28+$Y$25*H29+$Z$25*H30+$AA$25*H31+$AB$25*H32) -> 0 | I55: =IF($B$25=0,0,$B$25*I6+$C$25*I7+$D$25*I8+$E$25*I9+$F$25*I10+$G$25*I11+$H$25*I12+$I$25*I13+$J$25*I14+$K$25*I15+$L$25*I16+$M$25*I17+$N$25*I18+$O$25*I19+$P$25*I20+$Q$25*I21+$R$25*I22+$S$25*I23+$T$25*I24+$U$25*I25+$V$25*I26+$W$25*I27+$X$25*I28+$Y$25*I29+$Z$25*I30+$AA$25*I31+$AB$25*I32) -> 0 | ... AB55: =IF($B$25=0,0,$B$25*AB6+$C$25*AB7+$D$25*AB8+$E$25*AB9+$F$25*AB10+$G$25*AB11+$H$25*AB12+$I$25*AB13+$J$25*AB14+$K$25*AB15+$L$25*AB16+$M$25*AB17+$N$25*AB18+$O$25*AB19+$P$25*AB20+$Q$25*AB21+$R$25*AB22+$S$25*AB23+$T$25*AB24+$U$25*AB25+$V$25*AB26+$W$25*AB27+$X$25*AB28+$Y$25*AB29+$Z$25*AB30+$AA$25*AB31+$AB$25*AB32) -> 0 | AC55: =SUM(B55:AB55) -> 0 | AD55: =AC55/$AC$63 -> 0
B56: =IF($B$26=0,0,$B$26*B6+$C$26*B7+$D$26*B8+$E$26*B9+$F$26*B10+$G$26*B11+$H$26*B12+$I$26*B13+$J$26*B14+$K$26*B15+$L$26*B16+$M$26*B17+$N$26*B18+$O$26*B19+$P$26*B20+$Q$26*B21+$R$26*B22+$S$26*B23+$T$26*B24+$U$26*B25+$V$26*B26+$W$26*B27+$X$26*B28+$Y$26*B29+$Z$26*B30+$AA$26*B31+$AB$26*B32) -> 0 | C56: =IF($B$26=0,0,$B$26*C6+$C$26*C7+$D$26*C8+$E$26*C9+$F$26*C10+$G$26*C11+$H$26*C12+$I$26*C13+$J$26*C14+$K$26*C15+$L$26*C16+$M$26*C17+$N$26*C18+$O$26*C19+$P$26*C20+$Q$26*C21+$R$26*C22+$S$26*C23+$T$26*C24+$U$26*C25+$V$26*C26+$W$26*C27+$X$26*C28+$Y$26*C29+$Z$26*C30+$AA$26*C31+$AB$26*C32) -> 0 | D56: =IF($B$26=0,0,$B$26*D6+$C$26*D7+$D$26*D8+$E$26*D9+$F$26*D10+$G$26*D11+$H$26*D12+$I$26*D13+$J$26*D14+$K$26*D15+$L$26*D16+$M$26*D17+$N$26*D18+$O$26*D19+$P$26*D20+$Q$26*D21+$R$26*D22+$S$26*D23+$T$26*D24+$U$26*D25+$V$26*D26+$W$26*D27+$X$26*D28+$Y$26*D29+$Z$26*D30+$AA$26*D31+$AB$26*D32) -> 0 | E56: =IF($B$26=0,0,$B$26*E6+$C$26*E7+$D$26*E8+$E$26*E9+$F$26*E10+$G$26*E11+$H$26*E12+$I$26*E13+$J$26*E14+$K$26*E15+$L$26*E16+$M$26*E17+$N$26*E18+$O$26*E19+$P$26*E20+$Q$26*E21+$R$26*E22+$S$26*E23+$T$26*E24+$U$26*E25+$V$26*E26+$W$26*E27+$X$26*E28+$Y$26*E29+$Z$26*E30+$AA$26*E31+$AB$26*E32) -> 0 | F56: =IF($B$26=0,0,$B$26*F6+$C$26*F7+$D$26*F8+$E$26*F9+$F$26*F10+$G$26*F11+$H$26*F12+$I$26*F13+$J$26*F14+$K$26*F15+$L$26*F16+$M$26*F17+$N$26*F18+$O$26*F19+$P$26*F20+$Q$26*F21+$R$26*F22+$S$26*F23+$T$26*F24+$U$26*F25+$V$26*F26+$W$26*F27+$X$26*F28+$Y$26*F29+$Z$26*F30+$AA$26*F31+$AB$26*F32) -> 0 | G56: =IF($B$26=0,0,$B$26*G6+$C$26*G7+$D$26*G8+$E$26*G9+$F$26*G10+$G$26*G11+$H$26*G12+$I$26*G13+$J$26*G14+$K$26*G15+$L$26*G16+$M$26*G17+$N$26*G18+$O$26*G19+$P$26*G20+$Q$26*G21+$R$26*G22+$S$26*G23+$T$26*G24+$U$26*G25+$V$26*G26+$W$26*G27+$X$26*G28+$Y$26*G29+$Z$26*G30+$AA$26*G31+$AB$26*G32) -> 0 | H56: =IF($B$26=0,0,$B$26*H6+$C$26*H7+$D$26*H8+$E$26*H9+$F$26*H10+$G$26*H11+$H$26*H12+$I$26*H13+$J$26*H14+$K$26*H15+$L$26*H16+$M$26*H17+$N$26*H18+$O$26*H19+$P$26*H20+$Q$26*H21+$R$26*H22+$S$26*H23+$T$26*H24+$U$26*H25+$V$26*H26+$W$26*H27+$X$26*H28+$Y$26*H29+$Z$26*H30+$AA$26*H31+$AB$26*H32) -> 0 | I56: =IF($B$26=0,0,$B$26*I6+$C$26*I7+$D$26*I8+$E$26*I9+$F$26*I10+$G$26*I11+$H$26*I12+$I$26*I13+$J$26*I14+$K$26*I15+$L$26*I16+$M$26*I17+$N$26*I18+$O$26*I19+$P$26*I20+$Q$26*I21+$R$26*I22+$S$26*I23+$T$26*I24+$U$26*I25+$V$26*I26+$W$26*I27+$X$26*I28+$Y$26*I29+$Z$26*I30+$AA$26*I31+$AB$26*I32) -> 0 | ... AB56: =IF($B$26=0,0,$B$26*AB6+$C$26*AB7+$D$26*AB8+$E$26*AB9+$F$26*AB10+$G$26*AB11+$H$26*AB12+$I$26*AB13+$J$26*AB14+$K$26*AB15+$L$26*AB16+$M$26*AB17+$N$26*AB18+$O$26*AB19+$P$26*AB20+$Q$26*AB21+$R$26*AB22+$S$26*AB23+$T$26*AB24+$U$26*AB25+$V$26*AB26+$W$26*AB27+$X$26*AB28+$Y$26*AB29+$Z$26*AB30+$AA$26*AB31+$AB$26*AB32) -> 0 | AC56: =SUM(B56:AB56) -> 0 | AD56: =AC56/$AC$63 -> 0
B57: =IF($B$27=0,0,$B$27*B6+$C$27*B7+$D$27*B8+$E$27*B9+$F$27*B10+$G$27*B11+$H$27*B12+$I$27*B13+$J$27*B14+$K$27*B15+$L$27*B16+$M$27*B17+$N$27*B18+$O$27*B19+$P$27*B20+$Q$27*B21+$R$27*B22+$S$27*B23+$T$27*B24+$U$27*B25+$V$27*B26+$W$27*B27+$X$27*B28+$Y$27*B29+$Z$27*B30+$AA$27*B31+$AB$27*B32) -> 0 | C57: =IF($B$27=0,0,$B$27*C6+$C$27*C7+$D$27*C8+$E$27*C9+$F$27*C10+$G$27*C11+$H$27*C12+$I$27*C13+$J$27*C14+$K$27*C15+$L$27*C16+$M$27*C17+$N$27*C18+$O$27*C19+$P$27*C20+$Q$27*C21+$R$27*C22+$S$27*C23+$T$27*C24+$U$27*C25+$V$27*C26+$W$27*C27+$X$27*C28+$Y$27*C29+$Z$27*C30+$AA$27*C31+$AB$27*C32) -> 0 | D57: =IF($B$27=0,0,$B$27*D6+$C$27*D7+$D$27*D8+$E$27*D9+$F$27*D10+$G$27*D11+$H$27*D12+$I$27*D13+$J$27*D14+$K$27*D15+$L$27*D16+$M$27*D17+$N$27*D18+$O$27*D19+$P$27*D20+$Q$27*D21+$R$27*D22+$S$27*D23+$T$27*D24+$U$27*D25+$V$27*D26+$W$27*D27+$X$27*D28+$Y$27*D29+$Z$27*D30+$AA$27*D31+$AB$27*D32) -> 0 | E57: =IF($B$27=0,0,$B$27*E6+$C$27*E7+$D$27*E8+$E$27*E9+$F$27*E10+$G$27*E11+$H$27*E12+$I$27*E13+$J$27*E14+$K$27*E15+$L$27*E16+$M$27*E17+$N$27*E18+$O$27*E19+$P$27*E20+$Q$27*E21+$R$27*E22+$S$27*E23+$T$27*E24+$U$27*E25+$V$27*E26+$W$27*E27+$X$27*E28+$Y$27*E29+$Z$27*E30+$AA$27*E31+$AB$27*E32) -> 0 | F57: =IF($B$27=0,0,$B$27*F6+$C$27*F7+$D$27*F8+$E$27*F9+$F$27*F10+$G$27*F11+$H$27*F12+$I$27*F13+$J$27*F14+$K$27*F15+$L$27*F16+$M$27*F17+$N$27*F18+$O$27*F19+$P$27*F20+$Q$27*F21+$R$27*F22+$S$27*F23+$T$27*F24+$U$27*F25+$V$27*F26+$W$27*F27+$X$27*F28+$Y$27*F29+$Z$27*F30+$AA$27*F31+$AB$27*F32) -> 0 | G57: =IF($B$27=0,0,$B$27*G6+$C$27*G7+$D$27*G8+$E$27*G9+$F$27*G10+$G$27*G11+$H$27*G12+$I$27*G13+$J$27*G14+$K$27*G15+$L$27*G16+$M$27*G17+$N$27*G18+$O$27*G19+$P$27*G20+$Q$27*G21+$R$27*G22+$S$27*G23+$T$27*G24+$U$27*G25+$V$27*G26+$W$27*G27+$X$27*G28+$Y$27*G29+$Z$27*G30+$AA$27*G31+$AB$27*G32) -> 0 | H57: =IF($B$27=0,0,$B$27*H6+$C$27*H7+$D$27*H8+$E$27*H9+$F$27*H10+$G$27*H11+$H$27*H12+$I$27*H13+$J$27*H14+$K$27*H15+$L$27*H16+$M$27*H17+$N$27*H18+$O$27*H19+$P$27*H20+$Q$27*H21+$R$27*H22+$S$27*H23+$T$27*H24+$U$27*H25+$V$27*H26+$W$27*H27+$X$27*H28+$Y$27*H29+$Z$27*H30+$AA$27*H31+$AB$27*H32) -> 0 | I57: =IF($B$27=0,0,$B$27*I6+$C$27*I7+$D$27*I8+$E$27*I9+$F$27*I10+$G$27*I11+$H$27*I12+$I$27*I13+$J$27*I14+$K$27*I15+$L$27*I16+$M$27*I17+$N$27*I18+$O$27*I19+$P$27*I20+$Q$27*I21+$R$27*I22+$S$27*I23+$T$27*I24+$U$27*I25+$V$27*I26+$W$27*I27+$X$27*I28+$Y$27*I29+$Z$27*I30+$AA$27*I31+$AB$27*I32) -> 0 | ... AB57: =IF($B$27=0,0,$B$27*AB6+$C$27*AB7+$D$27*AB8+$E$27*AB9+$F$27*AB10+$G$27*AB11+$H$27*AB12+$I$27*AB13+$J$27*AB14+$K$27*AB15+$L$27*AB16+$M$27*AB17+$N$27*AB18+$O$27*AB19+$P$27*AB20+$Q$27*AB21+$R$27*AB22+$S$27*AB23+$T$27*AB24+$U$27*AB25+$V$27*AB26+$W$27*AB27+$X$27*AB28+$Y$27*AB29+$Z$27*AB30+$AA$27*AB31+$AB$27*AB32) -> 0 | AC57: =SUM(B57:AB57) -> 0 | AD57: =AC57/$AC$63 -> 0
B58: =IF($B$28=0,0,$B$28*B6+$C$28*B7+$D$28*B8+$E$28*B9+$F$28*B10+$G$28*B11+$H$28*B12+$I$28*B13+$J$28*B14+$K$28*B15+$L$28*B16+$M$28*B17+$N$28*B18+$O$28*B19+$P$28*B20+$Q$28*B21+$R$28*B22+$S$28*B23+$T$28*B24+$U$28*B25+$V$28*B26+$W$28*B27+$X$28*B28+$Y$28*B29+$Z$28*B30+$AA$28*B31+$AB$28*B32) -> 0 | C58: =IF($B$28=0,0,$B$28*C6+$C$28*C7+$D$28*C8+$E$28*C9+$F$28*C10+$G$28*C11+$H$28*C12+$I$28*C13+$J$28*C14+$K$28*C15+$L$28*C16+$M$28*C17+$N$28*C18+$O$28*C19+$P$28*C20+$Q$28*C21+$R$28*C22+$S$28*C23+$T$28*C24+$U$28*C25+$V$28*C26+$W$28*C27+$X$28*C28+$Y$28*C29+$Z$28*C30+$AA$28*C31+$AB$28*C32) -> 0 | D58: =IF($B$28=0,0,$B$28*D6+$C$28*D7+$D$28*D8+$E$28*D9+$F$28*D10+$G$28*D11+$H$28*D12+$I$28*D13+$J$28*D14+$K$28*D15+$L$28*D16+$M$28*D17+$N$28*D18+$O$28*D19+$P$28*D20+$Q$28*D21+$R$28*D22+$S$28*D23+$T$28*D24+$U$28*D25+$V$28*D26+$W$28*D27+$X$28*D28+$Y$28*D29+$Z$28*D30+$AA$28*D31+$AB$28*D32) -> 0 | E58: =IF($B$28=0,0,$B$28*E6+$C$28*E7+$D$28*E8+$E$28*E9+$F$28*E10+$G$28*E11+$H$28*E12+$I$28*E13+$J$28*E14+$K$28*E15+$L$28*E16+$M$28*E17+$N$28*E18+$O$28*E19+$P$28*E20+$Q$28*E21+$R$28*E22+$S$28*E23+$T$28*E24+$U$28*E25+$V$28*E26+$W$28*E27+$X$28*E28+$Y$28*E29+$Z$28*E30+$AA$28*E31+$AB$28*E32) -> 0 | F58: =IF($B$28=0,0,$B$28*F6+$C$28*F7+$D$28*F8+$E$28*F9+$F$28*F10+$G$28*F11+$H$28*F12+$I$28*F13+$J$28*F14+$K$28*F15+$L$28*F16+$M$28*F17+$N$28*F18+$O$28*F19+$P$28*F20+$Q$28*F21+$R$28*F22+$S$28*F23+$T$28*F24+$U$28*F25+$V$28*F26+$W$28*F27+$X$28*F28+$Y$28*F29+$Z$28*F30+$AA$28*F31+$AB$28*F32) -> 0 | G58: =IF($B$28=0,0,$B$28*G6+$C$28*G7+$D$28*G8+$E$28*G9+$F$28*G10+$G$28*G11+$H$28*G12+$I$28*G13+$J$28*G14+$K$28*G15+$L$28*G16+$M$28*G17+$N$28*G18+$O$28*G19+$P$28*G20+$Q$28*G21+$R$28*G22+$S$28*G23+$T$28*G24+$U$28*G25+$V$28*G26+$W$28*G27+$X$28*G28+$Y$28*G29+$Z$28*G30+$AA$28*G31+$AB$28*G32) -> 0 | H58: =IF($B$28=0,0,$B$28*H6+$C$28*H7+$D$28*H8+$E$28*H9+$F$28*H10+$G$28*H11+$H$28*H12+$I$28*H13+$J$28*H14+$K$28*H15+$L$28*H16+$M$28*H17+$N$28*H18+$O$28*H19+$P$28*H20+$Q$28*H21+$R$28*H22+$S$28*H23+$T$28*H24+$U$28*H25+$V$28*H26+$W$28*H27+$X$28*H28+$Y$28*H29+$Z$28*H30+$AA$28*H31+$AB$28*H32) -> 0 | I58: =IF($B$28=0,0,$B$28*I6+$C$28*I7+$D$28*I8+$E$28*I9+$F$28*I10+$G$28*I11+$H$28*I12+$I$28*I13+$J$28*I14+$K$28*I15+$L$28*I16+$M$28*I17+$N$28*I18+$O$28*I19+$P$28*I20+$Q$28*I21+$R$28*I22+$S$28*I23+$T$28*I24+$U$28*I25+$V$28*I26+$W$28*I27+$X$28*I28+$Y$28*I29+$Z$28*I30+$AA$28*I31+$AB$28*I32) -> 0 | ... AB58: =IF($B$28=0,0,$B$28*AB6+$C$28*AB7+$D$28*AB8+$E$28*AB9+$F$28*AB10+$G$28*AB11+$H$28*AB12+$I$28*AB13+$J$28*AB14+$K$28*AB15+$L$28*AB16+$M$28*AB17+$N$28*AB18+$O$28*AB19+$P$28*AB20+$Q$28*AB21+$R$28*AB22+$S$28*AB23+$T$28*AB24+$U$28*AB25+$V$28*AB26+$W$28*AB27+$X$28*AB28+$Y$28*AB29+$Z$28*AB30+$AA$28*AB31+$AB$28*AB32) -> 0 | AC58: =SUM(B58:AB58) -> 0 | AD58: =AC58/$AC$63 -> 0
B59: =IF($B$29=0,0,$B$29*B6+$C$29*B7+$D$29*B8+$E$29*B9+$F$29*B10+$G$29*B11+$H$29*B12+$I$29*B13+$J$29*B14+$K$29*B15+$L$29*B16+$M$29*B17+$N$29*B18+$O$29*B19+$P$29*B20+$Q$29*B21+$R$29*B22+$S$29*B23+$T$29*B24+$U$29*B25+$V$29*B26+$W$29*B27+$X$29*B28+$Y$29*B29+$Z$29*B30+$AA$29*B31+$AB$29*B32) -> 0 | C59: =IF($B$29=0,0,$B$29*C6+$C$29*C7+$D$29*C8+$E$29*C9+$F$29*C10+$G$29*C11+$H$29*C12+$I$29*C13+$J$29*C14+$K$29*C15+$L$29*C16+$M$29*C17+$N$29*C18+$O$29*C19+$P$29*C20+$Q$29*C21+$R$29*C22+$S$29*C23+$T$29*C24+$U$29*C25+$V$29*C26+$W$29*C27+$X$29*C28+$Y$29*C29+$Z$29*C30+$AA$29*C31+$AB$29*C32) -> 0 | D59: =IF($B$29=0,0,$B$29*D6+$C$29*D7+$D$29*D8+$E$29*D9+$F$29*D10+$G$29*D11+$H$29*D12+$I$29*D13+$J$29*D14+$K$29*D15+$L$29*D16+$M$29*D17+$N$29*D18+$O$29*D19+$P$29*D20+$Q$29*D21+$R$29*D22+$S$29*D23+$T$29*D24+$U$29*D25+$V$29*D26+$W$29*D27+$X$29*D28+$Y$29*D29+$Z$29*D30+$AA$29*D31+$AB$29*D32) -> 0 | E59: =IF($B$29=0,0,$B$29*E6+$C$29*E7+$D$29*E8+$E$29*E9+$F$29*E10+$G$29*E11+$H$29*E12+$I$29*E13+$J$29*E14+$K$29*E15+$L$29*E16+$M$29*E17+$N$29*E18+$O$29*E19+$P$29*E20+$Q$29*E21+$R$29*E22+$S$29*E23+$T$29*E24+$U$29*E25+$V$29*E26+$W$29*E27+$X$29*E28+$Y$29*E29+$Z$29*E30+$AA$29*E31+$AB$29*E32) -> 0 | F59: =IF($B$29=0,0,$B$29*F6+$C$29*F7+$D$29*F8+$E$29*F9+$F$29*F10+$G$29*F11+$H$29*F12+$I$29*F13+$J$29*F14+$K$29*F15+$L$29*F16+$M$29*F17+$N$29*F18+$O$29*F19+$P$29*F20+$Q$29*F21+$R$29*F22+$S$29*F23+$T$29*F24+$U$29*F25+$V$29*F26+$W$29*F27+$X$29*F28+$Y$29*F29+$Z$29*F30+$AA$29*F31+$AB$29*F32) -> 0 | G59: =IF($B$29=0,0,$B$29*G6+$C$29*G7+$D$29*G8+$E$29*G9+$F$29*G10+$G$29*G11+$H$29*G12+$I$29*G13+$J$29*G14+$K$29*G15+$L$29*G16+$M$29*G17+$N$29*G18+$O$29*G19+$P$29*G20+$Q$29*G21+$R$29*G22+$S$29*G23+$T$29*G24+$U$29*G25+$V$29*G26+$W$29*G27+$X$29*G28+$Y$29*G29+$Z$29*G30+$AA$29*G31+$AB$29*G32) -> 0 | H59: =IF($B$29=0,0,$B$29*H6+$C$29*H7+$D$29*H8+$E$29*H9+$F$29*H10+$G$29*H11+$H$29*H12+$I$29*H13+$J$29*H14+$K$29*H15+$L$29*H16+$M$29*H17+$N$29*H18+$O$29*H19+$P$29*H20+$Q$29*H21+$R$29*H22+$S$29*H23+$T$29*H24+$U$29*H25+$V$29*H26+$W$29*H27+$X$29*H28+$Y$29*H29+$Z$29*H30+$AA$29*H31+$AB$29*H32) -> 0 | I59: =IF($B$29=0,0,$B$29*I6+$C$29*I7+$D$29*I8+$E$29*I9+$F$29*I10+$G$29*I11+$H$29*I12+$I$29*I13+$J$29*I14+$K$29*I15+$L$29*I16+$M$29*I17+$N$29*I18+$O$29*I19+$P$29*I20+$Q$29*I21+$R$29*I22+$S$29*I23+$T$29*I24+$U$29*I25+$V$29*I26+$W$29*I27+$X$29*I28+$Y$29*I29+$Z$29*I30+$AA$29*I31+$AB$29*I32) -> 0 | ... AB59: =IF($B$29=0,0,$B$29*AB6+$C$29*AB7+$D$29*AB8+$E$29*AB9+$F$29*AB10+$G$29*AB11+$H$29*AB12+$I$29*AB13+$J$29*AB14+$K$29*AB15+$L$29*AB16+$M$29*AB17+$N$29*AB18+$O$29*AB19+$P$29*AB20+$Q$29*AB21+$R$29*AB22+$S$29*AB23+$T$29*AB24+$U$29*AB25+$V$29*AB26+$W$29*AB27+$X$29*AB28+$Y$29*AB29+$Z$29*AB30+$AA$29*AB31+$AB$29*AB32) -> 0 | AC59: =SUM(B59:AB59) -> 0 | AD59: =AC59/$AC$63 -> 0
B60: =IF($B$30=0,0,$B$30*B6+$C$30*B7+$D$30*B8+$E$30*B9+$F$30*B10+$G$30*B11+$H$30*B12+$I$30*B13+$J$30*B14+$K$30*B15+$L$30*B16+$M$30*B17+$N$30*B18+$O$30*B19+$P$30*B20+$Q$30*B21+$R$30*B22+$S$30*B23+$T$30*B24+$U$30*B25+$V$30*B26+$W$30*B27+$X$30*B28+$Y$30*B29+$Z$30*B30+$AA$30*B31+$AB$30*B32) -> 0 | C60: =IF($B$30=0,0,$B$30*C6+$C$30*C7+$D$30*C8+$E$30*C9+$F$30*C10+$G$30*C11+$H$30*C12+$I$30*C13+$J$30*C14+$K$30*C15+$L$30*C16+$M$30*C17+$N$30*C18+$O$30*C19+$P$30*C20+$Q$30*C21+$R$30*C22+$S$30*C23+$T$30*C24+$U$30*C25+$V$30*C26+$W$30*C27+$X$30*C28+$Y$30*C29+$Z$30*C30+$AA$30*C31+$AB$30*C32) -> 0 | D60: =IF($B$30=0,0,$B$30*D6+$C$30*D7+$D$30*D8+$E$30*D9+$F$30*D10+$G$30*D11+$H$30*D12+$I$30*D13+$J$30*D14+$K$30*D15+$L$30*D16+$M$30*D17+$N$30*D18+$O$30*D19+$P$30*D20+$Q$30*D21+$R$30*D22+$S$30*D23+$T$30*D24+$U$30*D25+$V$30*D26+$W$30*D27+$X$30*D28+$Y$30*D29+$Z$30*D30+$AA$30*D31+$AB$30*D32) -> 0 | E60: =IF($B$30=0,0,$B$30*E6+$C$30*E7+$D$30*E8+$E$30*E9+$F$30*E10+$G$30*E11+$H$30*E12+$I$30*E13+$J$30*E14+$K$30*E15+$L$30*E16+$M$30*E17+$N$30*E18+$O$30*E19+$P$30*E20+$Q$30*E21+$R$30*E22+$S$30*E23+$T$30*E24+$U$30*E25+$V$30*E26+$W$30*E27+$X$30*E28+$Y$30*E29+$Z$30*E30+$AA$30*E31+$AB$30*E32) -> 0 | F60: =IF($B$30=0,0,$B$30*F6+$C$30*F7+$D$30*F8+$E$30*F9+$F$30*F10+$G$30*F11+$H$30*F12+$I$30*F13+$J$30*F14+$K$30*F15+$L$30*F16+$M$30*F17+$N$30*F18+$O$30*F19+$P$30*F20+$Q$30*F21+$R$30*F22+$S$30*F23+$T$30*F24+$U$30*F25+$V$30*F26+$W$30*F27+$X$30*F28+$Y$30*F29+$Z$30*F30+$AA$30*F31+$AB$30*F32) -> 0 | G60: =IF($B$30=0,0,$B$30*G6+$C$30*G7+$D$30*G8+$E$30*G9+$F$30*G10+$G$30*G11+$H$30*G12+$I$30*G13+$J$30*G14+$K$30*G15+$L$30*G16+$M$30*G17+$N$30*G18+$O$30*G19+$P$30*G20+$Q$30*G21+$R$30*G22+$S$30*G23+$T$30*G24+$U$30*G25+$V$30*G26+$W$30*G27+$X$30*G28+$Y$30*G29+$Z$30*G30+$AA$30*G31+$AB$30*G32) -> 0 | H60: =IF($B$30=0,0,$B$30*H6+$C$30*H7+$D$30*H8+$E$30*H9+$F$30*H10+$G$30*H11+$H$30*H12+$I$30*H13+$J$30*H14+$K$30*H15+$L$30*H16+$M$30*H17+$N$30*H18+$O$30*H19+$P$30*H20+$Q$30*H21+$R$30*H22+$S$30*H23+$T$30*H24+$U$30*H25+$V$30*H26+$W$30*H27+$X$30*H28+$Y$30*H29+$Z$30*H30+$AA$30*H31+$AB$30*H32) -> 0 | I60: =IF($B$30=0,0,$B$30*I6+$C$30*I7+$D$30*I8+$E$30*I9+$F$30*I10+$G$30*I11+$H$30*I12+$I$30*I13+$J$30*I14+$K$30*I15+$L$30*I16+$M$30*I17+$N$30*I18+$O$30*I19+$P$30*I20+$Q$30*I21+$R$30*I22+$S$30*I23+$T$30*I24+$U$30*I25+$V$30*I26+$W$30*I27+$X$30*I28+$Y$30*I29+$Z$30*I30+$AA$30*I31+$AB$30*I32) -> 0 | ... AB60: =IF($B$30=0,0,$B$30*AB6+$C$30*AB7+$D$30*AB8+$E$30*AB9+$F$30*AB10+$G$30*AB11+$H$30*AB12+$I$30*AB13+$J$30*AB14+$K$30*AB15+$L$30*AB16+$M$30*AB17+$N$30*AB18+$O$30*AB19+$P$30*AB20+$Q$30*AB21+$R$30*AB22+$S$30*AB23+$T$30*AB24+$U$30*AB25+$V$30*AB26+$W$30*AB27+$X$30*AB28+$Y$30*AB29+$Z$30*AB30+$AA$30*AB31+$AB$30*AB32) -> 0 | AC60: =SUM(B60:AB60) -> 0 | AD60: =AC60/$AC$63 -> 0
B61: =IF($B$31=0,0,$B$31*B6+$C$31*B7+$D$31*B8+$E$31*B9+$F$31*B10+$G$31*B11+$H$31*B12+$I$31*B13+$J$31*B14+$K$31*B15+$L$31*B16+$M$31*B17+$N$31*B18+$O$31*B19+$P$31*B20+$Q$31*B21+$R$31*B22+$S$31*B23+$T$31*B24+$U$31*B25+$V$31*B26+$W$31*B27+$X$31*B28+$Y$31*B29+$Z$31*B30+$AA$31*B31+$AB$31*B32) -> 0 | C61: =IF($B$31=0,0,$B$31*C6+$C$31*C7+$D$31*C8+$E$31*C9+$F$31*C10+$G$31*C11+$H$31*C12+$I$31*C13+$J$31*C14+$K$31*C15+$L$31*C16+$M$31*C17+$N$31*C18+$O$31*C19+$P$31*C20+$Q$31*C21+$R$31*C22+$S$31*C23+$T$31*C24+$U$31*C25+$V$31*C26+$W$31*C27+$X$31*C28+$Y$31*C29+$Z$31*C30+$AA$31*C31+$AB$31*C32) -> 0 | D61: =IF($B$31=0,0,$B$31*D6+$C$31*D7+$D$31*D8+$E$31*D9+$F$31*D10+$G$31*D11+$H$31*D12+$I$31*D13+$J$31*D14+$K$31*D15+$L$31*D16+$M$31*D17+$N$31*D18+$O$31*D19+$P$31*D20+$Q$31*D21+$R$31*D22+$S$31*D23+$T$31*D24+$U$31*D25+$V$31*D26+$W$31*D27+$X$31*D28+$Y$31*D29+$Z$31*D30+$AA$31*D31+$AB$31*D32) -> 0 | E61: =IF($B$31=0,0,$B$31*E6+$C$31*E7+$D$31*E8+$E$31*E9+$F$31*E10+$G$31*E11+$H$31*E12+$I$31*E13+$J$31*E14+$K$31*E15+$L$31*E16+$M$31*E17+$N$31*E18+$O$31*E19+$P$31*E20+$Q$31*E21+$R$31*E22+$S$31*E23+$T$31*E24+$U$31*E25+$V$31*E26+$W$31*E27+$X$31*E28+$Y$31*E29+$Z$31*E30+$AA$31*E31+$AB$31*E32) -> 0 | F61: =IF($B$31=0,0,$B$31*F6+$C$31*F7+$D$31*F8+$E$31*F9+$F$31*F10+$G$31*F11+$H$31*F12+$I$31*F13+$J$31*F14+$K$31*F15+$L$31*F16+$M$31*F17+$N$31*F18+$O$31*F19+$P$31*F20+$Q$31*F21+$R$31*F22+$S$31*F23+$T$31*F24+$U$31*F25+$V$31*F26+$W$31*F27+$X$31*F28+$Y$31*F29+$Z$31*F30+$AA$31*F31+$AB$31*F32) -> 0 | G61: =IF($B$31=0,0,$B$31*G6+$C$31*G7+$D$31*G8+$E$31*G9+$F$31*G10+$G$31*G11+$H$31*G12+$I$31*G13+$J$31*G14+$K$31*G15+$L$31*G16+$M$31*G17+$N$31*G18+$O$31*G19+$P$31*G20+$Q$31*G21+$R$31*G22+$S$31*G23+$T$31*G24+$U$31*G25+$V$31*G26+$W$31*G27+$X$31*G28+$Y$31*G29+$Z$31*G30+$AA$31*G31+$AB$31*G32) -> 0 | H61: =IF($B$31=0,0,$B$31*H6+$C$31*H7+$D$31*H8+$E$31*H9+$F$31*H10+$G$31*H11+$H$31*H12+$I$31*H13+$J$31*H14+$K$31*H15+$L$31*H16+$M$31*H17+$N$31*H18+$O$31*H19+$P$31*H20+$Q$31*H21+$R$31*H22+$S$31*H23+$T$31*H24+$U$31*H25+$V$31*H26+$W$31*H27+$X$31*H28+$Y$31*H29+$Z$31*H30+$AA$31*H31+$AB$31*H32) -> 0 | I61: =IF($B$31=0,0,$B$31*I6+$C$31*I7+$D$31*I8+$E$31*I9+$F$31*I10+$G$31*I11+$H$31*I12+$I$31*I13+$J$31*I14+$K$31*I15+$L$31*I16+$M$31*I17+$N$31*I18+$O$31*I19+$P$31*I20+$Q$31*I21+$R$31*I22+$S$31*I23+$T$31*I24+$U$31*I25+$V$31*I26+$W$31*I27+$X$31*I28+$Y$31*I29+$Z$31*I30+$AA$31*I31+$AB$31*I32) -> 0 | ... AB61: =IF($B$31=0,0,$B$31*AB6+$C$31*AB7+$D$31*AB8+$E$31*AB9+$F$31*AB10+$G$31*AB11+$H$31*AB12+$I$31*AB13+$J$31*AB14+$K$31*AB15+$L$31*AB16+$M$31*AB17+$N$31*AB18+$O$31*AB19+$P$31*AB20+$Q$31*AB21+$R$31*AB22+$S$31*AB23+$T$31*AB24+$U$31*AB25+$V$31*AB26+$W$31*AB27+$X$31*AB28+$Y$31*AB29+$Z$31*AB30+$AA$31*AB31+$AB$31*AB32) -> 0 | AC61: =SUM(B61:AB61) -> 0 | AD61: =AC61/$AC$63 -> 0
B62: =IF($B$32=0,0,$B$32*B6+$C$32*B7+$D$32*B8+$E$32*B9+$F$32*B10+$G$32*B11+$H$32*B12+$I$32*B13+$J$32*B14+$K$32*B15+$L$32*B16+$M$32*B17+$N$32*B18+$O$32*B19+$P$32*B20+$Q$32*B21+$R$32*B22+$S$32*B23+$T$32*B24+$U$32*B25+$V$32*B26+$W$32*B27+$X$32*B28+$Y$32*B29+$Z$32*B30+$AA$32*B31+$AB$32*B32) -> 0 | C62: =IF($B$32=0,0,$B$32*C6+$C$32*C7+$D$32*C8+$E$32*C9+$F$32*C10+$G$32*C11+$H$32*C12+$I$32*C13+$J$32*C14+$K$32*C15+$L$32*C16+$M$32*C17+$N$32*C18+$O$32*C19+$P$32*C20+$Q$32*C21+$R$32*C22+$S$32*C23+$T$32*C24+$U$32*C25+$V$32*C26+$W$32*C27+$X$32*C28+$Y$32*C29+$Z$32*C30+$AA$32*C31+$AB$32*C32) -> 0 | D62: =IF($B$32=0,0,$B$32*D6+$C$32*D7+$D$32*D8+$E$32*D9+$F$32*D10+$G$32*D11+$H$32*D12+$I$32*D13+$J$32*D14+$K$32*D15+$L$32*D16+$M$32*D17+$N$32*D18+$O$32*D19+$P$32*D20+$Q$32*D21+$R$32*D22+$S$32*D23+$T$32*D24+$U$32*D25+$V$32*D26+$W$32*D27+$X$32*D28+$Y$32*D29+$Z$32*D30+$AA$32*D31+$AB$32*D32) -> 0 | E62: =IF($B$32=0,0,$B$32*E6+$C$32*E7+$D$32*E8+$E$32*E9+$F$32*E10+$G$32*E11+$H$32*E12+$I$32*E13+$J$32*E14+$K$32*E15+$L$32*E16+$M$32*E17+$N$32*E18+$O$32*E19+$P$32*E20+$Q$32*E21+$R$32*E22+$S$32*E23+$T$32*E24+$U$32*E25+$V$32*E26+$W$32*E27+$X$32*E28+$Y$32*E29+$Z$32*E30+$AA$32*E31+$AB$32*E32) -> 0 | F62: =IF($B$32=0,0,$B$32*F6+$C$32*F7+$D$32*F8+$E$32*F9+$F$32*F10+$G$32*F11+$H$32*F12+$I$32*F13+$J$32*F14+$K$32*F15+$L$32*F16+$M$32*F17+$N$32*F18+$O$32*F19+$P$32*F20+$Q$32*F21+$R$32*F22+$S$32*F23+$T$32*F24+$U$32*F25+$V$32*F26+$W$32*F27+$X$32*F28+$Y$32*F29+$Z$32*F30+$AA$32*F31+$AB$32*F32) -> 0 | G62: =IF($B$32=0,0,$B$32*G6+$C$32*G7+$D$32*G8+$E$32*G9+$F$32*G10+$G$32*G11+$H$32*G12+$I$32*G13+$J$32*G14+$K$32*G15+$L$32*G16+$M$32*G17+$N$32*G18+$O$32*G19+$P$32*G20+$Q$32*G21+$R$32*G22+$S$32*G23+$T$32*G24+$U$32*G25+$V$32*G26+$W$32*G27+$X$32*G28+$Y$32*G29+$Z$32*G30+$AA$32*G31+$AB$32*G32) -> 0 | H62: =IF($B$32=0,0,$B$32*H6+$C$32*H7+$D$32*H8+$E$32*H9+$F$32*H10+$G$32*H11+$H$32*H12+$I$32*H13+$J$32*H14+$K$32*H15+$L$32*H16+$M$32*H17+$N$32*H18+$O$32*H19+$P$32*H20+$Q$32*H21+$R$32*H22+$S$32*H23+$T$32*H24+$U$32*H25+$V$32*H26+$W$32*H27+$X$32*H28+$Y$32*H29+$Z$32*H30+$AA$32*H31+$AB$32*H32) -> 0 | I62: =IF($B$32=0,0,$B$32*I6+$C$32*I7+$D$32*I8+$E$32*I9+$F$32*I10+$G$32*I11+$H$32*I12+$I$32*I13+$J$32*I14+$K$32*I15+$L$32*I16+$M$32*I17+$N$32*I18+$O$32*I19+$P$32*I20+$Q$32*I21+$R$32*I22+$S$32*I23+$T$32*I24+$U$32*I25+$V$32*I26+$W$32*I27+$X$32*I28+$Y$32*I29+$Z$32*I30+$AA$32*I31+$AB$32*I32) -> 0 | ... AB62: =IF($B$32=0,0,$B$32*AB6+$C$32*AB7+$D$32*AB8+$E$32*AB9+$F$32*AB10+$G$32*AB11+$H$32*AB12+$I$32*AB13+$J$32*AB14+$K$32*AB15+$L$32*AB16+$M$32*AB17+$N$32*AB18+$O$32*AB19+$P$32*AB20+$Q$32*AB21+$R$32*AB22+$S$32*AB23+$T$32*AB24+$U$32*AB25+$V$32*AB26+$W$32*AB27+$X$32*AB28+$Y$32*AB29+$Z$32*AB30+$AA$32*AB31+$AB$32*AB32) -> 0 | AC62: =SUM(B62:AB62) -> 0 | AD62: =AC62/$AC$63 -> 0
AB63: Sum: | AC63: =SUM(AC36:AC62) -> 1 | AD63: =SUM(AD36:AD62) -> 1

Sheet Task Complexity
A1: Evaluate alternatives: Use the same nine-point scale provided beside to compare the relative importance of each alternative (prioritized aspect) in the row to each alternative in the column (orange cells) concerning the "Task Complexity" criterion. Please only input a number in the cells with the column header if the header (-) keeps empty. Example Comparison: Ask yourself, "With respect to the criterion "Task Complexity," how much more do you prefer alternative (i.e., X "in the row" to alternative Y" in the column"? And assign a number from the scale. Continue by comparing each alternative (in the row) to all alternatives (in the columns) one by one concerning the "Task Complexity" criterion until all alternatives in the rows have been pairwise compared to the ones in the columns. Please Note (Less Important alternative): If you believe an alternative in the row is less important than one in the column, use the reciprocals of the nine-point scale, where 1 ("equally unimportant") to 1/9 ("extreme unimportance"). For example, if alternative X (in the row) is less important than alternative Y (in the column), you might assign a value like =1/3 | M1: Scale: 1: Equally important 2: Equally to moderately more important 3: Moderately more important 4: Moderately to strongly more important 5: Strongly more important 6: Strongly to very strongly more important 7: Very strongly more important 8: Very strongly to extremely more important 9: Extremely more important
A2: For more info, please visit: https://www.1000minds.com/decision-making/analytic-hierarchy-process-ahp
G4: Task Complexity(alternatives pairwise comparison matrix)
B5: {=IF(TRANSPOSE(A6:A32)=0,"-",TRANSPOSE(A6:A32))} -> #VALUE! | C5: - | D5: - | E5: - | F5: - | G5: - | H5: - | I5: - | J5: - | K5: - | L5: - | M5: - | N5: - | O5: - | P5: - | Q5: - | R5: - | S5: - | T5: - | U5: - | V5: - | W5: - | X5: - | Y5: - | Z5: - | AA5: - | AB5: -
A6: {=_xlfn._xlws.FILTER('AHP(Structure the hierarchy)'!B6:B33, 'AHP(Structure the hierarchy)'!B6:B33<>"")} -> #VALUE! | B6: 1
B7: =IF(C6=0,0,1/C6) -> 0 | C7: 1
B8: =IF(D6=0,0,1/D6) -> 0 | C8: =IF(D7=0,0,1/D7) -> 0 | D8: 1
B9: =IF(E6=0,0,1/E6) -> 0 | C9: =IF(E7=0,0,1/E7) -> 0 | D9: =IF(E8=0,0,1/E8) -> 0 | E9: 1
B10: =IF(F6=0,0,1/F6) -> 0 | C10: =IF(F7=0,0,1/F7) -> 0 | D10: =IF(F8=0,0,1/F8) -> 0 | E10: =IF(F9=0,0,1/F9) -> 0 | F10: 1
B11: =IF(G6=0,0,1/G6) -> 0 | C11: =IF(G7=0,0,1/G7) -> 0 | D11: =IF(G8=0,0,1/G8) -> 0 | E11: =IF(G9=0,0,1/G9) -> 0 | F11: =IF(G10=0,0,1/G10) -> 0 | G11: 1
B12: =IF(H6=0,0,1/H6) -> 0 | C12: =IF(H7=0,0,1/H7) -> 0 | D12: =IF(H8=0,0,1/H8) -> 0 | E12: =IF(H9=0,0,1/H9) -> 0 | F12: =IF(H10=0,0,1/H10) -> 0 | G12: =IF(H11=0,0,1/H11) -> 0 | H12: 1
B13: =IF(I6=0,0,1/I6) -> 0 | C13: =IF(I7=0,0,1/I7) -> 0 | D13: =IF(I8=0,0,1/I8) -> 0 | E13: =IF(I9=0,0,1/I9) -> 0 | F13: =IF(I10=0,0,1/I10) -> 0 | G13: =IF(I11=0,0,1/I11) -> 0 | H13: =IF(I12=0,0,1/I12) -> 0 | I13: 1
B14: =IF(J6=0,0,1/J6) -> 0 | C14: =IF(J7=0,0,1/J7) -> 0 | D14: =IF(J8=0,0,1/J8) -> 0 | E14: =IF(J9=0,0,1/J9) -> 0 | F14: =IF(J10=0,0,1/J10) -> 0 | G14: =IF(J11=0,0,1/J11) -> 0 | H14: =IF(J12=0,0,1/J12) -> 0 | I14: =IF(J13=0,0,1/J13) -> 0 | J14: 1
B15: =IF(K6=0,0,1/K6) -> 0 | C15: =IF(K7=0,0,1/K7) -> 0 | D15: =IF(K8=0,0,1/K8) -> 0 | E15: =IF(K9=0,0,1/K9) -> 0 | F15: =IF(K10=0,0,1/K10) -> 0 | G15: =IF(K11=0,0,1/K11) -> 0 | H15: =IF(K12=0,0,1/K12) -> 0 | I15: =IF(K13=0,0,1/K13) -> 0 | J15: =IF(K14=0,0,1/K14) -> 0 | K15: 1
B16: =IF(L6=0,0,1/L6) -> 0 | C16: =IF(L7=0,0,1/L7) -> 0 | D16: =IF(L8=0,0,1/L8) -> 0 | E16: =IF(L9=0,0,1/L9) -> 0 | F16: =IF(L10=0,0,1/L10) -> 0 | G16: =IF(L11=0,0,1/L11) -> 0 | H16: =IF(L12=0,0,1/L12) -> 0 | I16: =IF(L13=0,0,1/L13) -> 0 | J16: =IF(L14=0,0,1/L14) -> 0 | K16: =IF(L15=0,0,1/L15) -> 0 | L16: 1
B17: =IF(M6=0,0,1/M6) -> 0 | C17: =IF(M7=0,0,1/M7) -> 0 | D17: =IF(M8=0,0,1/M8) -> 0 | E17: =IF(M9=0,0,1/M9) -> 0 | F17: =IF(M10=0,0,1/M10) -> 0 | G17: =IF(M11=0,0,1/M11) -> 0 | H17: =IF(M12=0,0,1/M12) -> 0 | I17: =IF(M13=0,0,1/M13) -> 0 | J17: =IF(M14=0,0,1/M14) -> 0 | K17: =IF(M15=0,0,1/M15) -> 0 | L17: =IF(M16=0,0,1/M16) -> 0 | M17: 1
B18: =IF(N6=0,0,1/N6) -> 0 | C18: =IF(N7=0,0,1/N7) -> 0 | D18: =IF(N8=0,0,1/N8) -> 0 | E18: =IF(N9=0,0,1/N9) -> 0 | F18: =IF(N10=0,0,1/N10) -> 0 | G18: =IF(N11=0,0,1/N11) -> 0 | H18: =IF(N12=0,0,1/N12) -> 0 | I18: =IF(N13=0,0,1/N13) -> 0 | J18: =IF(N14=0,0,1/N14) -> 0 | K18: =IF(N15=0,0,1/N15) -> 0 | L18: =IF(N16=0,0,1/N16) -> 0 | M18: =IF(N17=0,0,1/N17) -> 0 | N18: 1
B19: =IF(O6=0,0,1/O6) -> 0 | C19: =IF(O7=0,0,1/O7) -> 0 | D19: =IF(O8=0,0,1/O8) -> 0 | E19: =IF(O9=0,0,1/O9) -> 0 | F19: =IF(O10=0,0,1/O10) -> 0 | G19: =IF(O11=0,0,1/O11) -> 0 | H19: =IF(O12=0,0,1/O12) -> 0 | I19: =IF(O13=0,0,1/O13) -> 0 | J19: =IF(O14=0,0,1/O14) -> 0 | K19: =IF(O15=0,0,1/O15) -> 0 | L19: =IF(O16=0,0,1/O16) -> 0 | M19: =IF(O17=0,0,1/O17) -> 0 | N19: =IF(O18=0,0,1/O18) -> 0 | O19: 1
B20: =IF(P6=0,0,1/P6) -> 0 | C20: =IF(P7=0,0,1/P7) -> 0 | D20: =IF(P8=0,0,1/P8) -> 0 | E20: =IF(P9=0,0,1/P9) -> 0 | F20: =IF(P10=0,0,1/P10) -> 0 | G20: =IF(P11=0,0,1/P11) -> 0 | H20: =IF(P12=0,0,1/P12) -> 0 | I20: =IF(P13=0,0,1/P13) -> 0 | J20: =IF(P14=0,0,1/P14) -> 0 | K20: =IF(P15=0,0,1/P15) -> 0 | L20: =IF(P16=0,0,1/P16) -> 0 | M20: =IF(P17=0,0,1/P17) -> 0 | N20: =IF(P18=0,0,1/P18) -> 0 | O20: =IF(P19=0,0,1/P19) -> 0 | P20: 1
B21: =IF(Q6=0,0,1/Q6) -> 0 | C21: =IF(Q7=0,0,1/Q7) -> 0 | D21: =IF(Q8=0,0,1/Q8) -> 0 | E21: =IF(Q9=0,0,1/Q9) -> 0 | F21: =IF(Q10=0,0,1/Q10) -> 0 | G21: =IF(Q11=0,0,1/Q11) -> 0 | H21: =IF(Q12=0,0,1/Q12) -> 0 | I21: =IF(Q13=0,0,1/Q13) -> 0 | J21: =IF(Q14=0,0,1/Q14) -> 0 | K21: =IF(Q15=0,0,1/Q15) -> 0 | L21: =IF(Q16=0,0,1/Q16) -> 0 | M21: =IF(Q17=0,0,1/Q17) -> 0 | N21: =IF(Q18=0,0,1/Q18) -> 0 | O21: =IF(Q19=0,0,1/Q19) -> 0 | P21: =IF(Q20=0,0,1/Q20) -> 0 | Q21: 1
B22: =IF(R6=0,0,1/R6) -> 0 | C22: =IF(R7=0,0,1/R7) -> 0 | D22: =IF(R8=0,0,1/R8) -> 0 | E22: =IF(R9=0,0,1/R9) -> 0 | F22: =IF(R10=0,0,1/R10) -> 0 | G22: =IF(R11=0,0,1/R11) -> 0 | H22: =IF(R12=0,0,1/R12) -> 0 | I22: =IF(R13=0,0,1/R13) -> 0 | J22: =IF(R14=0,0,1/R14) -> 0 | K22: =IF(R15=0,0,1/R15) -> 0 | L22: =IF(R16=0,0,1/R16) -> 0 | M22: =IF(R17=0,0,1/R17) -> 0 | N22: =IF(R18=0,0,1/R18) -> 0 | O22: =IF(R19=0,0,1/R19) -> 0 | P22: =IF(R20=0,0,1/R20) -> 0 | Q22: =IF(R21=0,0,1/R21) -> 0 | R22: 1
B23: =IF(S6=0,0,1/S6) -> 0 | C23: =IF(S7=0,0,1/S7) -> 0 | D23: =IF(S8=0,0,1/S8) -> 0 | E23: =IF(S9=0,0,1/S9) -> 0 | F23: =IF(S10=0,0,1/S10) -> 0 | G23: =IF(S11=0,0,1/S11) -> 0 | H23: =IF(S12=0,0,1/S12) -> 0 | I23: =IF(S13=0,0,1/S13) -> 0 | J23: =IF(S14=0,0,1/S14) -> 0 | K23: =IF(S15=0,0,1/S15) -> 0 | L23: =IF(S16=0,0,1/S16) -> 0 | M23: =IF(S17=0,0,1/S17) -> 0 | N23: =IF(S18=0,0,1/S18) -> 0 | O23: =IF(S19=0,0,1/S19) -> 0 | P23: =IF(S20=0,0,1/S20) -> 0 | Q23: =IF(S21=0,0,1/S21) -> 0 | R23: =IF(S22=0,0,1/S22) -> 0 | S23: 1
