Workbook
Name _edn1: 'Use-Value'!$A$1006
Name _edn2: 'Use-Value'!$A$1007
Name _ednref1: 'Use-Value'!#REF!
Name _ednref2: 'Use-Value'!#REF!

Sheet Use-Value
A1: This tool is designed to help prioritize evaluation methods of the UX aspect using the Use Value- Efort/Complexity Matrix. Step-1: Calculate Use Value for each evaluation method: Use the scale on the side to rate the use value for each method against each factor in the table below (in blue cells). Use Value factors: -Evaluation Goals: How well the method aligns with the specific evaluation goals ((i) Before using the system/applications, (ii) Snapshots during the interaction, (iii) Based on an experience (of a task or an activity), and (iv) Based on long-term UX). -User Profiles: How well does the method cater to the specific characteristics of your user base (e.g., novice users vs. expert users)? -Application Domain: The suitability of the method for the type of application being evaluated (e.g., e-commerce vs. health apps). -Stage of Development: How effective the method is at the current stage of the app’s development (e.g., prototype vs. post-launch). -Type of Data Needed: Whether the method provides the type of data required (e.g., qualitative insights vs. quantitative metrics). | F1: Use Value Scale (1 to 5): 1: Very Low Use Value – Minimal impact or benefit. 2: Low Use Value – Some impact or benefit but not significant. 3: Medium Use Value – Moderate impact or benefit. 4: High Use Value – Significant impact or benefit. 5: Very High Use Value – Major impact or benefit, critical for success in evaluating the UX aspect.
A2: Domain:
A3: List of UX Aspect evaluation methods | B3: Use Value rating
B4: Evaluation Goals | C4: User profiles | D4: App domain | E4: Stage of Development | F4: Type of Data Needed | G4: Total Use Value | H4: Interpretation
G5: =SUM(B5:F5)/5 -> 0 | H5: =IF(AND(G5>=1, G5<2), "Very Low Use Value",IF(AND(G5>=2, G5<3),"Low Use Value",IF(AND(G5>=3, G5<4),"Moderate Use Value",IF(AND(G5>=4, G5<5),"High Use Value",IF(G5>=5,"Very High Use Value","Invalid Input"))))) -> Invalid Input
G6: =SUM(B6:F6)/5 -> 0 | H6: =IF(AND(G6>=1, G6<2), "Very Low Use Value",IF(AND(G6>=2, G6<3),"Low Use Value",IF(AND(G6>=3, G6<4),"Moderate Use Value",IF(AND(G6>=4, G6<5),"High Use Value",IF(G6>=5,"Very High Use Value","Invalid Input"))))) -> Invalid Input
G7: =SUM(B7:F7)/5 -> 0 | H7: =IF(AND(G7>=1, G7<2), "Very Low Use Value",IF(AND(G7>=2, G7<3),"Low Use Value",IF(AND(G7>=3, G7<4),"Moderate Use Value",IF(AND(G7>=4, G7<5),"High Use Value",IF(G7>=5,"Very High Use Value","Invalid Input"))))) -> Invalid Input
G8: =SUM(B8:F8)/5 -> 0 | H8: =IF(AND(G8>=1, G8<2), "Very Low Use Value",IF(AND(G8>=2, G8<3),"Low Use Value",IF(AND(G8>=3, G8<4),"Moderate Use Value",IF(AND(G8>=4, G8<5),"High Use Value",IF(G8>=5,"Very High Use Value","Invalid Input"))))) -> Invalid Input
G9: =SUM(B9:F9)/5 -> 0 | H9: =IF(AND(G9>=1, G9<2), "Very Low Use Value",IF(AND(G9>=2, G9<3),"Low Use Value",IF(AND(G9>=3, G9<4),"Moderate Use Value",IF(AND(G9>=4, G9<5),"High Use Value",IF(G9>=5,"Very High Use Value","Invalid Input"))))) -> Invalid Input
G10: =SUM(B10:F10)/5 -> 0 | H10: =IF(AND(G10>=1, G10<2), "Very Low Use Value",IF(AND(G10>=2, G10<3),"Low Use Value",IF(AND(G10>=3, G10<4),"Moderate Use Value",IF(AND(G10>=4, G10<5),"High Use Value",IF(G10>=5,"Very High Use Value","Invalid Input"))))) -> Invalid Input
G11: =SUM(B11:F11)/5 -> 0 | H11: =IF(AND(G11>=1, G11<2), "Very Low Use Value",IF(AND(G11>=2, G11<3),"Low Use Value",IF(AND(G11>=3, G11<4),"Moderate Use Value",IF(AND(G11>=4, G11<5),"High Use Value",IF(G11>=5,"Very High Use Value","Invalid Input"))))) -> Invalid Input
G12: =SUM(B12:F12)/5 -> 0 | H12: =IF(AND(G12>=1, G12<2), "Very Low Use Value",IF(AND(G12>=2, G12<3),"Low Use Value",IF(AND(G12>=3, G12<4),"Moderate Use Value",IF(AND(G12>=4, G12<5),"High Use Value",IF(G12>=5,"Very High Use Value","Invalid Input"))))) -> Invalid Input
G13: =SUM(B13:F13)/5 -> 0 | H13: =IF(AND(G13>=1, G13<2), "Very Low Use Value",IF(AND(G13>=2, G13<3),"Low Use Value",IF(AND(G13>=3, G13<4),"Moderate Use Value",IF(AND(G13>=4, G13<5),"High Use Value",IF(G13>=5,"Very High Use Value","Invalid Input"))))) -> Invalid Input
G14: =SUM(B14:F14)/5 -> 0 | H14: =IF(AND(G14>=1, G14<2), "Very Low Use Value",IF(AND(G14>=2, G14<3),"Low Use Value",IF(AND(G14>=3, G14<4),"Moderate Use Value",IF(AND(G14>=4, G14<5),"High Use Value",IF(G14>=5,"Very High Use Value","Invalid Input"))))) -> Invalid Input
G15: =SUM(B15:F15)/5 -> 0 | H15: =IF(AND(G15>=1, G15<2), "Very Low Use Value",IF(AND(G15>=2, G15<3),"Low Use Value",IF(AND(G15>=3, G15<4),"Moderate Use Value",IF(AND(G15>=4, G15<5),"High Use Value",IF(G15>=5,"Very High Use Value","Invalid Input"))))) -> Invalid Input
G16: =SUM(B16:F16)/5 -> 0 | H16: =IF(AND(G16>=1, G16<2), "Very Low Use Value",IF(AND(G16>=2, G16<3),"Low Use Value",IF(AND(G16>=3, G16<4),"Moderate Use Value",IF(AND(G16>=4, G16<5),"High Use Value",IF(G16>=5,"Very High Use Value","Invalid Input"))))) -> Invalid Input
... G35: =SUM(B35:F35)/5 -> 0 | H35: =IF(AND(G35>=1, G35<2), "Very Low Use Value",IF(AND(G35>=2, G35<3),"Low Use Value",IF(AND(G35>=3, G35<4),"Moderate Use Value",IF(AND(G35>=4, G35<5),"High Use Value",IF(G35>=5,"Very High Use Value","Invalid Input"))))) -> Invalid Input

Sheet Effort-Complexity
A1: Step-2: Calculate Effort/Complexity for each evaluation method: Use the scale on the side to rate the Effort/Complexity for each method against each factor in the table below (in blue cells). Use Value factors: -Resources Availability: The availability of resources such as budget, time, and personnel required to implement the method. -Technical Complexity: The technical challenges involved in setting up and executing the method, including tools and platforms required. -Ease of Data Collection and Analysis: How straightforward it is to collect and analyze data using the method. | E1: Effort/Complexity Scale (1 to 5): 1: Very Low Effort/Complexity – Minimal effort or complexity required. 2: Low Effort/Complexity – Some effort or complexity is required but manageable. 3: Medium Effort/Complexity – Moderate effort or complexity required. 4: High Effort/Complexity – Significant effort or complexity required. 5: Very High Effort/Complexity – Major effort or complexity required, highly challenging.
A2: Domain:
A3: List of UX Aspect evaluation methods | B3: Effort/Complexity rating
B4: Resources Availability | C4: Technical Complexity | D4: Ease of Data Collection and Analysis | E4: Total Effort/Complexity | F4: Interpretation
A5: {=_xlfn._xlws.FILTER('Use-Value'!A5:A35, 'Use-Value'!A5:A35<>"")} -> #VALUE! | E5: =SUM(B5:D5)/3 -> 0 | F5: =IF(AND(E5>=1, E5<2), "Very Low Effort/Complexity", IF(AND(E5>=2, E5<3), "Low Effort/Complexity", IF(AND(E5>=3, E5<4), "Moderate Effort/Complexity", IF(AND(E5>=4, E5<5), "High Effort/Complexity", IF(E5>=5, "Very High Effort/Complexity", "Invalid Input"))))) -> Invalid Input
E6: =SUM(B6:D6)/3 -> 0 | F6: =IF(AND(E6>=1, E6<2), "Very Low Effort/Complexity", IF(AND(E6>=2, E6<3), "Low Effort/Complexity", IF(AND(E6>=3, E6<4), "Moderate Effort/Complexity", IF(AND(E6>=4, E6<5), "High Effort/Complexity", IF(E6>=5, "Very High Effort/Complexity", "Invalid Input"))))) -> Invalid Input
E7: =SUM(B7:D7)/3 -> 0 | F7: =IF(AND(E7>=1, E7<2), "Very Low Effort/Complexity", IF(AND(E7>=2, E7<3), "Low Effort/Complexity", IF(AND(E7>=3, E7<4), "Moderate Effort/Complexity", IF(AND(E7>=4, E7<5), "High Effort/Complexity", IF(E7>=5, "Very High Effort/Complexity", "Invalid Input"))))) -> Invalid Input
E8: =SUM(B8:D8)/3 -> 0 | F8: =IF(AND(E8>=1, E8<2), "Very Low Effort/Complexity", IF(AND(E8>=2, E8<3), "Low Effort/Complexity", IF(AND(E8>=3, E8<4), "Moderate Effort/Complexity", IF(AND(E8>=4, E8<5), "High Effort/Complexity", IF(E8>=5, "Very High Effort/Complexity", "Invalid Input"))))) -> Invalid Input
E9: =SUM(B9:D9)/3 -> 0 | F9: =IF(AND(E9>=1, E9<2), "Very Low Effort/Complexity", IF(AND(E9>=2, E9<3), "Low Effort/Complexity", IF(AND(E9>=3, E9<4), "Moderate Effort/Complexity", IF(AND(E9>=4, E9<5), "High Effort/Complexity", IF(E9>=5, "Very High Effort/Complexity", "Invalid Input"))))) -> Invalid Input
E10: =SUM(B10:D10)/3 -> 0 | F10: =IF(AND(E10>=1, E10<2), "Very Low Effort/Complexity", IF(AND(E10>=2, E10<3), "Low Effort/Complexity", IF(AND(E10>=3, E10<4), "Moderate Effort/Complexity", IF(AND(E10>=4, E10<5), "High Effort/Complexity", IF(E10>=5, "Very High Effort/Complexity", "Invalid Input"))))) -> Invalid Input
E11: =SUM(B11:D11)/3 -> 0 | F11: =IF(AND(E11>=1, E11<2), "Very Low Effort/Complexity", IF(AND(E11>=2, E11<3), "Low Effort/Complexity", IF(AND(E11>=3, E11<4), "Moderate Effort/Complexity", IF(AND(E11>=4, E11<5), "High Effort/Complexity", IF(E11>=5, "Very High Effort/Complexity", "Invalid Input"))))) -> Invalid Input
E12: =SUM(B12:D12)/3 -> 0 | F12: =IF(AND(E12>=1, E12<2), "Very Low Effort/Complexity", IF(AND(E12>=2, E12<3), "Low Effort/Complexity", IF(AND(E12>=3, E12<4), "Moderate Effort/Complexity", IF(AND(E12>=4, E12<5), "High Effort/Complexity", IF(E12>=5, "Very High Effort/Complexity", "Invalid Input"))))) -> Invalid Input
E13: =SUM(B13:D13)/3 -> 0 | F13: =IF(AND(E13>=1, E13<2), "Very Low Effort/Complexity", IF(AND(E13>=2, E13<3), "Low Effort/Complexity", IF(AND(E13>=3, E13<4), "Moderate Effort/Complexity", IF(AND(E13>=4, E13<5), "High Effort/Complexity", IF(E13>=5, "Very High Effort/Complexity", "Invalid Input"))))) -> Invalid Input
E14: =SUM(B14:D14)/3 -> 0 | F14: =IF(AND(E14>=1, E14<2), "Very Low Effort/Complexity", IF(AND(E14>=2, E14<3), "Low Effort/Complexity", IF(AND(E14>=3, E14<4), "Moderate Effort/Complexity", IF(AND(E14>=4, E14<5), "High Effort/Complexity", IF(E14>=5, "Very High Effort/Complexity", "Invalid Input"))))) -> Invalid Input
E15: =SUM(B15:D15)/3 -> 0 | F15: =IF(AND(E15>=1, E15<2), "Very Low Effort/Complexity", IF(AND(E15>=2, E15<3), "Low Effort/Complexity", IF(AND(E15>=3, E15<4), "Moderate Effort/Complexity", IF(AND(E15>=4, E15<5), "High Effort/Complexity", IF(E15>=5, "Very High Effort/Complexity", "Invalid Input"))))) -> Invalid Input
E16: =SUM(B16:D16)/3 -> 0 | F16: =IF(AND(E16>=1, E16<2), "Very Low Effort/Complexity", IF(AND(E16>=2, E16<3), "Low Effort/Complexity", IF(AND(E16>=3, E16<4), "Moderate Effort/Complexity", IF(AND(E16>=4, E16<5), "High Effort/Complexity", IF(E16>=5, "Very High Effort/Complexity", "Invalid Input"))))) -> Invalid Input
E17: =SUM(B17:D17)/3 -> 0 | F17: =IF(AND(E17>=1, E17<2), "Very Low Effort/Complexity", IF(AND(E17>=2, E17<3), "Low Effort/Complexity", IF(AND(E17>=3, E17<4), "Moderate Effort/Complexity", IF(AND(E17>=4, E17<5), "High Effort/Complexity", IF(E17>=5, "Very High Effort/Complexity", "Invalid Input"))))) -> Invalid Input
... E35: =SUM(B35:D35)/3 -> 0 | F35: =IF(AND(E35>=1, E35<2), "Very Low Effort/Complexity", IF(AND(E35>=2, E35<3), "Low Effort/Complexity", IF(AND(E35>=3, E35<4), "Moderate Effort/Complexity", IF(AND(E35>=4, E35<5), "High Effort/Complexity", IF(E35>=5, "Very High Effort/Complexity", "Invalid Input"))))) -> Invalid Input

Sheet Methods Priority Calculation
A1: List of UX Aspect evaluation methods | B1: Total Use Value | C1: Total Effort/Complexity | D1: Use Value-Effort/Complexity Ratio | E1: Priority
A2: {=_xlfn._xlws.FILTER('Use-Value'!A5:A35, 'Use-Value'!A5:A35<>"")} -> #VALUE! | B2: ='Use-Value'!G5 -> 0 | C2: ='Effort-Complexity'!E5 -> 0 | D2: =IF(AND(B2<>"", B2<>0, C2<>"", C2<>0), B2/C2,0) -> 0 | E2: =_xlfn.RANK.EQ(D2,$D$2:$D$37,0) -> 1
B3: ='Use-Value'!G6 -> 0 | C3: ='Effort-Complexity'!E6 -> 0 | D3: =IF(AND(B3<>"", B3<>0, C3<>"", C3<>0), B3/C3, "") | E3: =_xlfn.RANK.EQ(D3,$D$2:$D$37,0) -> #VALUE!
B4: ='Use-Value'!G7 -> 0 | C4: ='Effort-Complexity'!E7 -> 0 | D4: =IF(AND(B4<>"", B4<>0, C4<>"", C4<>0), B4/C4, "") | E4: =_xlfn.RANK.EQ(D4,$D$2:$D$37,0) -> #VALUE!
B5: ='Use-Value'!G8 -> 0 | C5: ='Effort-Complexity'!E8 -> 0 | D5: =IF(AND(B5<>"", B5<>0, C5<>"", C5<>0), B5/C5, "") | E5: =_xlfn.RANK.EQ(D5,$D$2:$D$37,0) -> #VALUE!
B6: =IF('Use-Value'!G9="","",'Use-Value'!G9) -> 0 | C6: ='Effort-Complexity'!E9 -> 0 | D6: =IF(AND(B6<>"", B6<>0, C6<>"", C6<>0), B6/C6, "") | E6: =_xlfn.RANK.EQ(D6,$D$2:$D$37,0) -> #VALUE!
B7: ='Use-Value'!G10 -> 0 | C7: ='Effort-Complexity'!E10 -> 0 | D7: =IF(AND(B7<>"", B7<>0, C7<>"", C7<>0), B7/C7, "") | E7: =_xlfn.RANK.EQ(D7,$D$2:$D$37,0) -> #VALUE!
B8: ='Use-Value'!G11 -> 0 | C8: ='Effort-Complexity'!E11 -> 0 | D8: =IF(AND(B8<>"", B8<>0, C8<>"", C8<>0), B8/C8, "") | E8: =_xlfn.RANK.EQ(D8,$D$2:$D$37,0) -> #VALUE!
B9: ='Use-Value'!G12 -> 0 | C9: ='Effort-Complexity'!E12 -> 0 | D9: =IF(AND(B9<>"", B9<>0, C9<>"", C9<>0), B9/C9, "") | E9: =_xlfn.RANK.EQ(D9,$D$2:$D$37,0) -> #VALUE!
B10: ='Use-Value'!G13 -> 0 | C10: ='Effort-Complexity'!E13 -> 0 | D10: =IF(AND(B10<>"", B10<>0, C10<>"", C10<>0), B10/C10, "") | E10: =_xlfn.RANK.EQ(D10,$D$2:$D$37,0) -> #VALUE!
B11: ='Use-Value'!G14 -> 0 | C11: ='Effort-Complexity'!E14 -> 0 | D11: =IF(AND(B11<>"", B11<>0, C11<>"", C11<>0), B11/C11, "") | E11: =_xlfn.RANK.EQ(D11,$D$2:$D$37,0) -> #VALUE!
B12: ='Use-Value'!G15 -> 0 | C12: ='Effort-Complexity'!E15 -> 0 | D12: =IF(AND(B12<>"", B12<>0, C12<>"", C12<>0), B12/C12, "") | E12: =_xlfn.RANK.EQ(D12,$D$2:$D$37,0) -> #VALUE!
B13: ='Use-Value'!G16 -> 0 | C13: ='Effort-Complexity'!E16 -> 0 | D13: =IF(AND(B13<>"", B13<>0, C13<>"", C13<>0), B13/C13, "") | E13: =_xlfn.RANK.EQ(D13,$D$2:$D$37,0) -> #VALUE!
B14: ='Use-Value'!G17 -> 0 | C14: ='Effort-Complexity'!E17 -> 0 | D14: =IF(AND(B14<>"", B14<>0, C14<>"", C14<>0), B14/C14, "") | E14: =_xlfn.RANK.EQ(D14,$D$2:$D$37,0) -> #VALUE!
B15: ='Use-Value'!G18 -> 0 | C15: ='Effort-Complexity'!E18 -> 0 | D15: =IF(AND(B15<>"", B15<>0, C15<>"", C15<>0), B15/C15, "") | E15: =_xlfn.RANK.EQ(D15,$D$2:$D$37,0) -> #VALUE!
B16: ='Use-Value'!G19 -> 0 | C16: ='Effort-Complexity'!E19 -> 0 | D16: =IF(AND(B16<>"", B16<>0, C16<>"", C16<>0), B16/C16, "") | E16: =_xlfn.RANK.EQ(D16,$D$2:$D$37,0) -> #VALUE!
B17: ='Use-Value'!G20 -> 0 | C17: ='Effort-Complexity'!E20 -> 0 | D17: =IF(AND(B17<>"", B17<>0, C17<>"", C17<>0), B17/C17, "") | E17: =_xlfn.RANK.EQ(D17,$D$2:$D$37,0) -> #VALUE!
B18: ='Use-Value'!G21 -> 0 | C18: ='Effort-Complexity'!E21 -> 0 | D18: =IF(AND(B18<>"", B18<>0, C18<>"", C18<>0), B18/C18, "") | E18: =_xlfn.RANK.EQ(D18,$D$2:$D$37,0) -> #VALUE!
... B37: ='Use-Value'!G40 -> 0 | C37: ='Effort-Complexity'!E40 -> 0 | D37: =IF(AND(B37<>"", B37<>0, C37<>"", C37<>0), B37/C37, "") | E37: =_xlfn.RANK.EQ(D37,$D$2:$D$37,0) -> #VALUE!
